,Mesh,c half axis (um),Time (years),Core_Mg (ppm)
0,bytownite_mesh,4000.0,0.0,430.0
1,bytownite_mesh,4000.0,3498.387568883999,430.00047307976104
2,bytownite_mesh,4000.0,6996.775137767998,430.00035817840205
3,bytownite_mesh,4000.0,10495.162706651996,430.0005127979647
4,bytownite_mesh,4000.0,13993.550275535996,430.0004844004982
5,bytownite_mesh,4000.0,17491.937844419994,430.0005747698789
6,bytownite_mesh,4000.0,20990.32541330399,430.00057580899005
7,bytownite_mesh,4000.0,24488.712982187993,430.0006364975628
8,bytownite_mesh,4000.0,27987.10055107199,430.0006489728344
9,bytownite_mesh,4000.0,31485.48811995599,430.00068767459925
10,bytownite_mesh,4000.0,34983.87568883999,430.000672433952
11,bytownite_mesh,4000.0,38482.263257723986,430.00056683699955
12,bytownite_mesh,4000.0,41980.650826607976,430.0001072515209
13,bytownite_mesh,4000.0,45479.038395491974,429.9987917199753
14,bytownite_mesh,4000.0,48977.425964375965,429.99562274625583
15,bytownite_mesh,4000.0,52475.81353325996,429.98910194446955
16,bytownite_mesh,4000.0,55974.20110214396,429.97718776636884
17,bytownite_mesh,4000.0,59472.58867102795,429.9574376083683
18,bytownite_mesh,4000.0,62970.97623991195,429.9270985546987
19,bytownite_mesh,4000.0,66469.36380879594,429.883278658493
20,bytownite_mesh,4000.0,69967.75137767995,429.82305441606775
21,bytownite_mesh,4000.0,73466.13894656394,429.7436006656005
22,bytownite_mesh,4000.0,76964.52651544793,429.64226212307517
23,bytownite_mesh,4000.0,80462.91408433193,429.51662830659376
24,bytownite_mesh,4000.0,83961.30165321592,429.3645634281875
25,bytownite_mesh,4000.0,87459.68922209991,429.1842368246779
26,bytownite_mesh,4000.0,90958.07679098392,428.9741226057647
27,bytownite_mesh,4000.0,94456.46435986791,428.7330010916876
28,bytownite_mesh,4000.0,97954.8519287519,428.4599411749009
29,bytownite_mesh,4000.0,101453.2394976359,428.15428590255135
30,bytownite_mesh,4000.0,104951.6270665199,427.8156272342344
31,bytownite_mesh,4000.0,108450.01463540389,427.44378483935634
32,bytownite_mesh,4000.0,111948.4022042879,427.0387793118459
33,bytownite_mesh,4000.0,115446.78977317188,426.60080966351114
34,bytownite_mesh,4000.0,118945.17734205587,426.1302283211102
35,bytownite_mesh,4000.0,122443.56491093988,425.6275202347468
36,bytownite_mesh,4000.0,125941.95247982387,425.0932811958892
37,bytownite_mesh,4000.0,129440.34004870786,424.528199856896
38,bytownite_mesh,4000.0,132938.72761759185,423.93303984142574
39,bytownite_mesh,4000.0,136437.11518647586,423.308625032519
40,bytownite_mesh,4000.0,139935.50275535986,422.6558253619395
41,bytownite_mesh,4000.0,143433.89032424387,421.97554522978163
42,bytownite_mesh,4000.0,146932.27789312787,421.26871257591057
43,bytownite_mesh,4000.0,150430.66546201188,420.53627006684064
44,bytownite_mesh,4000.0,153929.05303089588,419.7791669471396
45,bytownite_mesh,4000.0,157427.44059977992,418.99835255309864
46,bytownite_mesh,4000.0,160925.82816866392,418.19477043514155
47,bytownite_mesh,4000.0,164424.21573754793,417.36935376124757
48,bytownite_mesh,4000.0,167922.60330643193,416.52302124400245
49,bytownite_mesh,4000.0,171420.99087531594,415.6566740381212
50,bytownite_mesh,4000.0,174919.37844419997,414.77119306888636
51,bytownite_mesh,4000.0,178417.76601308398,413.8674370840629
52,bytownite_mesh,4000.0,181916.15358196798,412.94624104797856
53,bytownite_mesh,4000.0,185414.541150852,412.008415066151
54,bytownite_mesh,4000.0,188912.928719736,411.05474357289796
55,bytownite_mesh,4000.0,192411.31628862003,410.08598490093556
56,bytownite_mesh,4000.0,195909.70385750404,409.1028710464837
57,bytownite_mesh,4000.0,199408.09142638804,408.1061077033272
58,bytownite_mesh,4000.0,202906.47899527205,407.0963744367883
59,bytownite_mesh,4000.0,206404.86656415605,406.0743250415827
60,bytownite_mesh,4000.0,209903.25413304009,405.0405879950028
61,bytownite_mesh,4000.0,213401.6417019241,403.9957670306427
62,bytownite_mesh,4000.0,216900.0292708081,402.940441772531
63,bytownite_mesh,4000.0,220398.4168396921,401.875168443187
64,bytownite_mesh,4000.0,223896.8044085761,400.80048060535063
65,bytownite_mesh,4000.0,227395.19197746014,399.7168899437785
66,bytownite_mesh,4000.0,230893.57954634415,398.6248870607183
67,bytownite_mesh,4000.0,234391.96711522815,397.5249422872718
68,bytownite_mesh,4000.0,237890.35468411216,396.4175064938629
69,bytownite_mesh,4000.0,241388.74225299616,395.3030118997045
70,bytownite_mesh,4000.0,244887.1298218802,394.1818728710888
71,bytownite_mesh,4000.0,248385.5173907642,393.0544867072282
72,bytownite_mesh,4000.0,251883.9049596482,391.92123440797434
73,bytownite_mesh,4000.0,255382.2925285322,390.7824814216729
74,bytownite_mesh,4000.0,258880.68009741622,389.638578370503
75,bytownite_mesh,4000.0,262379.0676663002,388.4898617514951
76,bytownite_mesh,4000.0,265877.4552351842,387.33665461255845
77,bytownite_mesh,4000.0,269375.84280406823,386.1792672018692
78,bytownite_mesh,4000.0,272874.2303729523,385.0179975912125
79,bytownite_mesh,4000.0,276372.6179418363,383.85313227188715
80,bytownite_mesh,4000.0,279871.00551072025,382.6849467245331
81,bytownite_mesh,4000.0,283369.39307960426,381.5137059617811
82,bytownite_mesh,4000.0,286867.78064848826,380.33966504551256
83,bytownite_mesh,4000.0,290366.1682173723,379.1630695779139
84,bytownite_mesh,4000.0,293864.55578625633,377.98415616830926
85,bytownite_mesh,4000.0,297362.94335514033,376.80315287521887
86,bytownite_mesh,4000.0,300861.33092402434,375.6202796256717
87,bytownite_mesh,4000.0,304359.71849290835,374.43574861143844
88,bytownite_mesh,4000.0,307858.10606179235,373.249764664174
89,bytownite_mesh,4000.0,311356.49363067636,372.0625256093091
90,bytownite_mesh,4000.0,314854.88119956036,370.87422260057684
91,bytownite_mesh,4000.0,318353.26876844437,369.6850404351626
92,bytownite_mesh,4000.0,321851.6563373284,368.4951578512182
93,bytownite_mesh,4000.0,325350.04390621244,367.3047478078423
94,bytownite_mesh,4000.0,328848.43147509644,366.11397774911757
95,bytownite_mesh,4000.0,332346.81904398045,364.92300985238063
96,bytownite_mesh,4000.0,335845.20661286445,363.7320012621652
97,bytownite_mesh,4000.0,339343.59418174846,362.5411043100473
98,bytownite_mesh,4000.0,342841.98175063246,361.35046672167886
99,bytownite_mesh,4000.0,346340.36931951647,360.1602318112783
100,bytownite_mesh,4000.0,349838.7568884005,358.97053866471714
101,bytownite_mesh,4000.0,353337.1444572845,357.7815223114904
102,bytownite_mesh,4000.0,356835.5320261685,356.59331388657733
103,bytownite_mesh,4000.0,360333.9195950525,355.4060407824879
104,bytownite_mesh,4000.0,363832.30716393655,354.2198267923772
105,bytownite_mesh,4000.0,367330.69473282056,353.0347922445245
106,bytownite_mesh,4000.0,370829.08230170456,351.8510541289441
107,bytownite_mesh,4000.0,374327.46987058857,350.6687262164195
108,bytownite_mesh,4000.0,377825.8574394726,349.48791917063056
109,bytownite_mesh,4000.0,381324.2450083566,348.3087406536466
110,bytownite_mesh,4000.0,384822.6325772406,347.131295425371
111,bytownite_mesh,4000.0,388321.0201461246,345.9556854371941
112,bytownite_mesh,4000.0,391819.4077150086,344.78200992036045
113,bytownite_mesh,4000.0,395317.7952838926,343.61036546929
114,bytownite_mesh,4000.0,398816.18285277666,342.4408461202901
115,bytownite_mesh,4000.0,402314.57042166067,341.27354342587967
116,bytownite_mesh,4000.0,405812.9579905447,340.1085465251027
117,bytownite_mesh,4000.0,409311.3455594287,338.9459422100324
118,bytownite_mesh,4000.0,412809.7331283127,337.7858149887907
119,bytownite_mesh,4000.0,416308.1206971967,336.62824714526556
120,bytownite_mesh,4000.0,419806.5082660807,335.47331879580753
121,bytownite_mesh,4000.0,423304.8958349647,334.32110794306504
122,bytownite_mesh,4000.0,426803.2834038487,333.1716905272051
123,bytownite_mesh,4000.0,430301.6709727327,332.0251404746588
124,bytownite_mesh,4000.0,433800.0585416168,330.881529744605
125,bytownite_mesh,4000.0,437298.4461105008,329.74092837331494
126,bytownite_mesh,4000.0,440796.8336793848,328.6034045165411
127,bytownite_mesh,4000.0,444295.2212482688,327.46902449006126
128,bytownite_mesh,4000.0,447793.6088171528,326.33785280853016
129,bytownite_mesh,4000.0,451291.9963860368,325.20995222273945
130,bytownite_mesh,4000.0,454790.3839549208,324.0853837554173
131,bytownite_mesh,4000.0,458288.7715238048,322.9642067356515
132,bytownite_mesh,4000.0,461787.1590926888,321.8464788320529
133,bytownite_mesh,4000.0,465285.5466615728,320.73225608473024
134,bytownite_mesh,4000.0,468783.9342304569,319.6215929361741
135,bytownite_mesh,4000.0,472282.3217993409,318.51454226111576
136,bytownite_mesh,4000.0,475780.7093682249,317.41115539544126
137,bytownite_mesh,4000.0,479279.0969371089,316.3114821642179
138,bytownite_mesh,4000.0,482777.4845059929,315.21557090890235
139,bytownite_mesh,4000.0,486275.8720748769,314.1234685137791
140,bytownite_mesh,4000.0,489774.2596437609,313.0352204316872
141,bytownite_mesh,4000.0,493272.6472126449,311.9508707090798
142,bytownite_mesh,4000.0,496771.0347815289,310.8704620104603
143,bytownite_mesh,4000.0,500269.42235041293,309.79403564223935
144,bytownite_mesh,4000.0,503767.809919297,308.7216315760452
145,bytownite_mesh,4000.0,507266.197488181,307.65328847152693
146,bytownite_mesh,4000.0,510764.585057065,306.58904369867713
147,bytownite_mesh,4000.0,514262.972625949,305.52893335970816
148,bytownite_mesh,4000.0,517761.360194833,304.47299231050397
149,bytownite_mesh,4000.0,521259.747763717,303.4212541816758
150,bytownite_mesh,4000.0,524758.135332601,302.37375139924137
151,bytownite_mesh,4000.0,528256.5229014851,301.3305152049491
152,bytownite_mesh,4000.0,531754.910470369,300.2915756762674
153,bytownite_mesh,4000.0,535253.2980392531,299.25696174605355
154,bytownite_mesh,4000.0,538751.685608137,298.2267012219188
155,bytownite_mesh,4000.0,542250.0731770211,297.2008208053061
156,bytownite_mesh,4000.0,545748.4607459051,296.17934611028915
157,bytownite_mesh,4000.0,549246.8483147891,295.1623016821083
158,bytownite_mesh,4000.0,552745.2358836731,294.149711015452
159,bytownite_mesh,4000.0,556243.6234525571,293.1415965724946
160,bytownite_mesh,4000.0,559742.0110214412,292.13797980069756
161,bytownite_mesh,4000.0,563240.3985903251,291.13888115038503
162,bytownite_mesh,4000.0,566738.7861592091,290.14432009209656
163,bytownite_mesh,4000.0,570237.173728093,289.15431513372937
164,bytownite_mesh,4000.0,573735.561296977,288.1688838374689
165,bytownite_mesh,4000.0,577233.9488658609,287.18804283652025
166,bytownite_mesh,4000.0,580732.3364347449,286.2118078516387
167,bytownite_mesh,4000.0,584230.7240036288,285.2401937074687
168,bytownite_mesh,4000.0,587729.1115725128,284.2732143486917
169,bytownite_mesh,4000.0,591227.4991413967,283.3108828559884
170,bytownite_mesh,4000.0,594725.8867102807,282.3532114618161
171,bytownite_mesh,4000.0,598224.2742791646,281.400211566008
172,bytownite_mesh,4000.0,601722.6618480486,280.451893751191
173,bytownite_mesh,4000.0,605221.0494169325,279.50826779803043
174,bytownite_mesh,4000.0,608719.4369858165,278.56934270029853
175,bytownite_mesh,4000.0,612217.8245547004,277.63512667977227
176,bytownite_mesh,4000.0,615716.2121235844,276.70562720095853
177,bytownite_mesh,4000.0,619214.5996924683,275.780850985652
178,bytownite_mesh,4000.0,622712.9872613522,274.86080402732273
179,bytownite_mesh,4000.0,626211.3748302362,273.9454916053387
180,bytownite_mesh,4000.0,629709.7623991201,273.03491829902026
181,bytownite_mesh,4000.0,633208.1499680041,272.12908800153207
182,bytownite_mesh,4000.0,636706.537536888,271.22800393360757
183,bytownite_mesh,4000.0,640204.925105772,270.331668657113
184,bytownite_mesh,4000.0,643703.3126746559,269.44008408844644
185,bytownite_mesh,4000.0,647201.7002435399,268.5532515117758
186,bytownite_mesh,4000.0,650700.0878124238,267.6711715921149
187,bytownite_mesh,4000.0,654198.4753813078,266.7938443882389
188,bytownite_mesh,4000.0,657696.8629501917,265.92126936543883
189,bytownite_mesh,4000.0,661195.2505190757,265.053445408117
190,bytownite_mesh,4000.0,664693.6380879596,264.1903708322228
191,bytownite_mesh,4000.0,668192.0256568436,263.3320433975297
192,bytownite_mesh,4000.0,671690.4132257275,262.47846031975416
193,bytownite_mesh,4000.0,675188.8007946115,261.62961828251696
194,bytownite_mesh,4000.0,678687.1883634954,260.7855134491482
195,bytownite_mesh,4000.0,682185.5759323793,259.946141474334
196,bytownite_mesh,4000.0,685683.9635012633,259.11149751560947
197,bytownite_mesh,4000.0,689182.3510701472,258.28157624469446
198,bytownite_mesh,4000.0,692680.7386390312,257.4563718586764
199,bytownite_mesh,4000.0,696179.1262079151,256.63587809103785
200,bytownite_mesh,4000.0,699677.5137767991,255.82008822253107
201,bytownite_mesh,4000.0,703175.901345683,255.00899509190089
202,bytownite_mesh,4000.0,706674.288914567,254.20259110645355
203,bytownite_mesh,4000.0,710172.6764834509,253.40086825247704
204,bytownite_mesh,4000.0,713671.0640523349,252.60381810550857
205,bytownite_mesh,4000.0,717169.4516212188,251.81143184045465
206,bytownite_mesh,4000.0,720667.8391901028,251.0237002415605
207,bytownite_mesh,4000.0,724166.2267589867,250.24061371223303
208,bytownite_mesh,4000.0,727664.6143278707,249.462162284716
209,bytownite_mesh,4000.0,731163.0018967546,248.68833562961947
210,bytownite_mesh,4000.0,734661.3894656386,247.91912306530406
211,bytownite_mesh,4000.0,738159.7770345225,247.15451356712072
212,bytownite_mesh,4000.0,741658.1646034064,246.39449577650777
213,bytownite_mesh,4000.0,745156.5521722904,245.63905800994576
214,bytownite_mesh,4000.0,748654.9397411743,244.88818826777057
215,bytownite_mesh,4000.0,752153.3273100583,244.14187424284705
216,bytownite_mesh,4000.0,755651.7148789424,243.40010332910413
217,bytownite_mesh,4000.0,759150.1024478263,242.66286262993043
218,bytownite_mesh,4000.0,762648.4900167102,241.93013896643535
219,bytownite_mesh,4000.0,766146.8775855942,241.20191888557235
220,bytownite_mesh,4000.0,769645.2651544781,240.4781886681301
221,bytownite_mesh,4000.0,773143.6527233621,239.7589343365879
222,bytownite_mesh,4000.0,776642.040292246,239.04414166284192
223,bytownite_mesh,4000.0,780140.42786113,238.33379617579783
224,bytownite_mesh,4000.0,783638.8154300139,237.62788316883623
225,bytownite_mesh,4000.0,787137.2029988979,236.92638770714822
226,bytownite_mesh,4000.0,790635.5905677818,236.2292946349449
227,bytownite_mesh,4000.0,794133.9781366658,235.5365885825405
228,bytownite_mesh,4000.0,797632.3657055497,234.84825397331167
229,bytownite_mesh,4000.0,801130.7532744337,234.16427503053285
230,bytownite_mesh,4000.0,804629.1408433176,233.48463578409087
231,bytownite_mesh,4000.0,808127.5284122016,232.80932007707747
232,bytownite_mesh,4000.0,811625.9159810855,232.13831157226502
233,bytownite_mesh,4000.0,815124.3035499695,231.47159375846132
234,bytownite_mesh,4000.0,818622.6911188534,230.80914995675107
235,bytownite_mesh,4000.0,822121.0786877373,230.1509633266194
236,bytownite_mesh,4000.0,825619.4662566213,229.49701687196384
237,bytownite_mesh,4000.0,829117.8538255052,228.84729344699235
238,bytownite_mesh,4000.0,832616.2413943892,228.20177576201093
239,bytownite_mesh,4000.0,836114.6289632731,227.5604463891014
240,bytownite_mesh,4000.0,839613.0165321571,226.92328776769043
241,bytownite_mesh,4000.0,843111.404101041,226.29028221001266
242,bytownite_mesh,4000.0,846609.791669925,225.66141190646638
243,bytownite_mesh,4000.0,850108.1792388089,225.03665893086708
244,bytownite_mesh,4000.0,853606.5668076929,224.41600524559607
245,bytownite_mesh,4000.0,857104.9543765768,223.79943270664927
246,bytownite_mesh,4000.0,860603.3419454608,223.186923068584
247,bytownite_mesh,4000.0,864101.7295143447,222.57845798936907
248,bytownite_mesh,4000.0,867600.1170832287,221.97401903513486
249,bytownite_mesh,4000.0,871098.5046521126,221.37358768482997
250,bytownite_mesh,4000.0,874596.8922209966,220.7771453347805
251,bytownite_mesh,4000.0,878095.2797898805,220.1846733031577
252,bytownite_mesh,4000.0,881593.6673587644,219.59615283435235
253,bytownite_mesh,4000.0,885092.0549276484,219.011565103259
254,bytownite_mesh,4000.0,888590.4424965323,218.4308912194701
255,bytownite_mesh,4000.0,892088.8300654163,217.85411223138246
256,bytownite_mesh,4000.0,895587.2176343002,217.2812091302163
257,bytownite_mesh,4000.0,899085.6052031842,216.712162853949
258,bytownite_mesh,4000.0,902583.9927720681,216.1469542911645
259,bytownite_mesh,4000.0,906082.3803409521,215.58556428481938
260,bytownite_mesh,4000.0,909580.767909836,215.02797363592725
261,bytownite_mesh,4000.0,913079.15547872,214.47416310716275
262,bytownite_mesh,4000.0,916577.5430476039,213.9241134263862
263,bytownite_mesh,4000.0,920075.9306164879,213.37780529008978
264,bytownite_mesh,4000.0,923574.3181853718,212.83521936676738
265,bytownite_mesh,4000.0,927072.7057542558,212.29633630020865
266,bytownite_mesh,4000.0,930571.0933231397,211.76113671271867
267,bytownite_mesh,4000.0,934069.4808920237,211.22960120826394
268,bytownite_mesh,4000.0,937567.8684609076,210.70171037554724
269,bytownite_mesh,4000.0,941066.2560297915,210.17744479101063
270,bytownite_mesh,4000.0,944564.6435986755,209.65678502176945
271,bytownite_mesh,4000.0,948063.0311675594,209.13971162847736
272,bytownite_mesh,4000.0,951561.4187364434,208.626205168124
273,bytownite_mesh,4000.0,955059.8063053273,208.11624619676684
274,bytownite_mesh,4000.0,958558.1938742114,207.60981527219684
275,bytownite_mesh,4000.0,962056.5814430953,207.10689295654092
276,bytownite_mesh,4000.0,965554.9690119793,206.6074598188012
277,bytownite_mesh,4000.0,969053.3565808632,206.11149643733214
278,bytownite_mesh,4000.0,972551.7441497472,205.61898340225662
279,bytownite_mesh,4000.0,976050.1317186311,205.12990131782308
280,bytownite_mesh,4000.0,979548.5192875151,204.64423080470286
281,bytownite_mesh,4000.0,983046.906856399,204.16195250223046
282,bytownite_mesh,4000.0,986545.294425283,203.68304707058687
283,bytownite_mesh,4000.0,990043.6819941669,203.20749519292715
284,bytownite_mesh,4000.0,993542.0695630509,202.73527757745342
285,bytownite_mesh,4000.0,997040.4571319348,202.26637495943407
286,bytownite_mesh,4000.0,1000538.8447008188,201.80076810316956
287,bytownite_mesh,4000.0,1004037.2322697027,201.33843780390794
288,bytownite_mesh,4000.0,1007535.6198385867,200.87936488970777
289,bytownite_mesh,4000.0,1011034.0074074706,200.42353022325202
290,bytownite_mesh,4000.0,1014532.3949763546,199.9709147036125
291,bytownite_mesh,4000.0,1018030.7825452385,199.52149926796704
292,bytownite_mesh,4000.0,1021529.1701141224,199.07526489326764
293,bytownite_mesh,4000.0,1025027.5576830064,198.63219259786467
294,bytownite_mesh,4000.0,1028525.9452518903,198.19226344308285
295,bytownite_mesh,4000.0,1032024.3328207743,197.75545853475532
296,bytownite_mesh,4000.0,1035522.7203896582,197.32175902471144
297,bytownite_mesh,4000.0,1039021.1079585422,196.8911461122235
298,bytownite_mesh,4000.0,1042519.4955274261,196.4636010454102
299,bytownite_mesh,4000.0,1046017.8830963101,196.03910512259907
300,bytownite_mesh,4000.0,1049516.270665194,195.6176396936484
301,bytownite_mesh,4000.0,1053014.658234078,195.19918616122962
302,bytownite_mesh,4000.0,1056513.0458029618,194.7837259820698
303,bytownite_mesh,4000.0,1060011.4333718459,194.37124066815738
304,bytownite_mesh,4000.0,1063509.82094073,193.96171178790868
305,bytownite_mesh,4000.0,1067008.2085096138,193.55512096729942
306,bytownite_mesh,4000.0,1070506.5960784978,193.15144989095845
307,bytownite_mesh,4000.0,1074004.9836473817,192.7506803032278
308,bytownite_mesh,4000.0,1077503.3712162657,192.3527940091868
309,bytownite_mesh,4000.0,1081001.7587851495,191.95777287564357
310,bytownite_mesh,4000.0,1084500.1463540336,191.56559883209172
311,bytownite_mesh,4000.0,1087998.5339229174,191.1762538716361
312,bytownite_mesh,4000.0,1091496.9214918015,190.7897200518853
313,bytownite_mesh,4000.0,1094995.3090606853,190.40597949581402
314,bytownite_mesh,4000.0,1098493.6966295694,190.0250143925938
315,bytownite_mesh,4000.0,1101992.0841984532,189.64680699839477
316,bytownite_mesh,4000.0,1105490.4717673373,189.27133963715704
317,bytownite_mesh,4000.0,1108988.8593362211,188.89859470133442
318,bytownite_mesh,4000.0,1112487.2469051052,188.52855465260868
319,bytownite_mesh,4000.0,1115985.634473989,188.1612020225779
320,bytownite_mesh,4000.0,1119484.022042873,187.7965194134158
321,bytownite_mesh,4000.0,1122982.4096117571,187.43448949850682
322,bytownite_mesh,4000.0,1126480.7971806412,187.07509502305336
323,bytownite_mesh,4000.0,1129979.1847495253,186.71831880465962
324,bytownite_mesh,4000.0,1133477.5723184093,186.36414373388862
325,bytownite_mesh,4000.0,1136975.9598872934,186.012552774797
326,bytownite_mesh,4000.0,1140474.3474561775,185.66352896544453
327,bytownite_mesh,4000.0,1143972.7350250615,185.3170554183814
328,bytownite_mesh,4000.0,1147471.1225939458,184.97311532111226
329,bytownite_mesh,4000.0,1150969.51016283,184.63169193653874
330,bytownite_mesh,4000.0,1154467.897731714,184.2927686033792
331,bytownite_mesh,4000.0,1157966.285300598,183.9563287365682
332,bytownite_mesh,4000.0,1161464.672869482,183.62235582763503
333,bytownite_mesh,4000.0,1164963.0604383661,183.29083344506137
334,bytownite_mesh,4000.0,1168461.4480072502,182.96174523462008
335,bytownite_mesh,4000.0,1171959.8355761343,182.63507491969347
336,bytownite_mesh,4000.0,1175458.2231450183,182.31080630157373
337,bytownite_mesh,4000.0,1178956.6107139024,181.9889232597439
338,bytownite_mesh,4000.0,1182454.9982827865,181.66940975214152
339,bytownite_mesh,4000.0,1185953.3858516705,181.35224981540375
340,bytownite_mesh,4000.0,1189451.7734205546,181.03742756509607
341,bytownite_mesh,4000.0,1192950.1609894386,180.7249271959236
342,bytownite_mesh,4000.0,1196448.5485583227,180.41473298192614
343,bytownite_mesh,4000.0,1199946.9361272068,180.10682927665644
344,bytownite_mesh,4000.0,1203445.3236960908,179.80120051334433
345,bytownite_mesh,4000.0,1206943.711264975,179.49783120504352
346,bytownite_mesh,4000.0,1210442.098833859,179.19670594476497
347,bytownite_mesh,4000.0,1213940.486402743,178.89780940559467
348,bytownite_mesh,4000.0,1217438.873971627,178.60112634079795
349,bytownite_mesh,4000.0,1220937.2615405112,178.3066415839089
350,bytownite_mesh,4000.0,1224435.6491093952,178.01434004880733
351,bytownite_mesh,4000.0,1227934.0366782793,177.7242067297811
352,bytownite_mesh,4000.0,1231432.4242471633,177.43622670157694
353,bytownite_mesh,4000.0,1234930.8118160476,177.15038511943774
354,bytownite_mesh,4000.0,1238429.1993849317,176.86666721912755
355,bytownite_mesh,4000.0,1241927.5869538158,176.5850583169452
356,bytownite_mesh,4000.0,1245425.9745226998,176.30554380972566
357,bytownite_mesh,4000.0,1248924.362091584,176.02810917483
358,bytownite_mesh,4000.0,1252422.749660468,175.75273997012474
359,bytownite_mesh,4000.0,1255921.137229352,175.47942183394986
360,bytownite_mesh,4000.0,1259419.524798236,175.2081404850764
361,bytownite_mesh,4000.0,1262917.9123671202,174.9388817226541
362,bytownite_mesh,4000.0,1266416.2999360042,174.67163142614834
363,bytownite_mesh,4000.0,1269914.6875048883,174.40637555526826
364,bytownite_mesh,4000.0,1273413.0750737723,174.14310014988462
365,bytownite_mesh,4000.0,1276911.4626426564,173.88179132993878
366,bytownite_mesh,4000.0,1280409.8502115405,173.62243529534265
367,bytownite_mesh,4000.0,1283908.2377804245,173.36501832586976
368,bytownite_mesh,4000.0,1287406.6253493086,173.1095267810382
369,bytownite_mesh,4000.0,1290905.0129181927,172.8559470999849
370,bytownite_mesh,4000.0,1294403.4004870767,172.6042658013319
371,bytownite_mesh,4000.0,1297901.7880559608,172.354469483045
372,bytownite_mesh,4000.0,1301400.1756248449,172.10654482228497
373,bytownite_mesh,4000.0,1304898.563193729,171.86047857525062
374,bytownite_mesh,4000.0,1308396.950762613,171.61625757701566
375,bytownite_mesh,4000.0,1311895.338331497,171.37386874135794
376,bytownite_mesh,4000.0,1315393.725900381,171.13329906058198
377,bytownite_mesh,4000.0,1318892.1134692652,170.89453560533553
378,bytownite_mesh,4000.0,1322390.5010381495,170.65756552441877
379,bytownite_mesh,4000.0,1325888.8886070335,170.4223760445885
380,bytownite_mesh,4000.0,1329387.2761759176,170.18895447035487
381,bytownite_mesh,4000.0,1332885.6637448017,169.95728818377395
382,bytownite_mesh,4000.0,1336384.0513136857,169.7273646442333
383,bytownite_mesh,4000.0,1339882.4388825698,169.4991713882329
384,bytownite_mesh,4000.0,1343380.8264514538,169.27269602916044
385,bytownite_mesh,4000.0,1346879.214020338,169.04792625706148
386,bytownite_mesh,4000.0,1350377.601589222,168.8248498384049
387,bytownite_mesh,4000.0,1353875.989158106,168.60345461584325
388,bytownite_mesh,4000.0,1357374.37672699,168.38372850796867
389,bytownite_mesh,4000.0,1360872.7642958742,168.1656595090643
390,bytownite_mesh,4000.0,1364371.1518647582,167.94923568885122
391,bytownite_mesh,4000.0,1367869.5394336423,167.7344451922312
392,bytownite_mesh,4000.0,1371367.9270025264,167.5212762390259
393,bytownite_mesh,4000.0,1374866.3145714104,167.30971712371127
394,bytownite_mesh,4000.0,1378364.7021402945,167.099756215149
395,bytownite_mesh,4000.0,1381863.0897091785,166.89138195631395
396,bytownite_mesh,4000.0,1385361.4772780626,166.68458286401824
397,bytownite_mesh,4000.0,1388859.8648469467,166.4793475286317
398,bytownite_mesh,4000.0,1392358.2524158307,166.2756646137994
399,bytownite_mesh,4000.0,1395856.6399847148,166.07352285615593
400,bytownite_mesh,4000.0,1399355.0275535989,165.87291106503673
401,bytownite_mesh,4000.0,1402853.415122483,165.67381812218642
402,bytownite_mesh,4000.0,1406351.8026913672,165.47623298146445
403,bytownite_mesh,4000.0,1409850.1902602513,165.28014466854825
404,bytownite_mesh,4000.0,1413348.5778291353,165.0855422806335
405,bytownite_mesh,4000.0,1416846.9653980194,164.89241498613225
406,bytownite_mesh,4000.0,1420345.3529669035,164.70075202436868
407,bytownite_mesh,4000.0,1423843.7405357875,164.51054270527257
408,bytownite_mesh,4000.0,1427342.1281046716,164.32177640907048
409,bytownite_mesh,4000.0,1430840.5156735557,164.1344425859757
410,bytownite_mesh,4000.0,1434338.9032424397,163.9485307558748
411,bytownite_mesh,4000.0,1437837.2908113238,163.76403050801383
412,bytownite_mesh,4000.0,1441335.6783802079,163.58093150068214
413,bytownite_mesh,4000.0,1444834.065949092,163.39922346089443
414,bytownite_mesh,4000.0,1448332.453517976,163.21889618407158
415,bytownite_mesh,4000.0,1451830.84108686,163.0399395337194
416,bytownite_mesh,4000.0,1455329.228655744,162.8623434411072
417,bytownite_mesh,4000.0,1458827.6162246282,162.68609790494344
418,bytownite_mesh,4000.0,1462326.0037935122,162.51119299105164
419,bytownite_mesh,4000.0,1465824.3913623963,162.337618832044
420,bytownite_mesh,4000.0,1469322.7789312804,162.16536562699486
421,bytownite_mesh,4000.0,1472821.1665001644,161.9944236411124
422,bytownite_mesh,4000.0,1476319.5540690485,161.82478320541003
423,bytownite_mesh,4000.0,1479817.9416379326,161.6564347163763
424,bytownite_mesh,4000.0,1483316.3292068166,161.48936863564475
425,bytownite_mesh,4000.0,1486814.7167757007,161.32357548966252
426,bytownite_mesh,4000.0,1490313.1043445847,161.15904586935832
427,bytownite_mesh,4000.0,1493811.491913469,160.99577042981
428,bytownite_mesh,4000.0,1497309.879482353,160.83373988991187
429,bytownite_mesh,4000.0,1500808.2670512372,160.67294503204062
430,bytownite_mesh,4000.0,1504306.6546201212,160.51337670172208
431,bytownite_mesh,4000.0,1507805.0421890053,160.3550258072965
432,bytownite_mesh,4000.0,1511303.4297578894,160.19788331958426
433,bytownite_mesh,4000.0,1514801.8173267734,160.04194027155128
434,bytownite_mesh,4000.0,1518300.2048956575,159.88718775797366
435,bytownite_mesh,4000.0,1521798.5924645416,159.73361693510316
436,bytownite_mesh,4000.0,1525296.9800334256,159.58121902033164
437,bytownite_mesh,4000.0,1528795.3676023097,159.4299852918561
438,bytownite_mesh,4000.0,1532293.7551711937,159.27990708834355
439,bytownite_mesh,4000.0,1535792.1427400778,159.13097580859593
440,bytownite_mesh,4000.0,1539290.5303089619,158.98318291121535
441,bytownite_mesh,4000.0,1542788.917877846,158.83651991426888
442,bytownite_mesh,4000.0,1546287.30544673,158.69097839495433
443,bytownite_mesh,4000.0,1549785.693015614,158.54654998926586
444,bytownite_mesh,4000.0,1553284.0805844981,158.4032263916599
445,bytownite_mesh,4000.0,1556782.4681533822,158.2609993547215
446,bytownite_mesh,4000.0,1560280.8557222662,158.1198606888308
447,bytownite_mesh,4000.0,1563779.2432911503,157.97980226183046
448,bytownite_mesh,4000.0,1567277.6308600344,157.84081599869273
449,bytownite_mesh,4000.0,1570776.0184289184,157.70289388118783
450,bytownite_mesh,4000.0,1574274.4059978025,157.5660279475523
451,bytownite_mesh,4000.0,1577772.7935666868,157.4302102921579
452,bytownite_mesh,4000.0,1581271.1811355709,157.29543306518167
453,bytownite_mesh,4000.0,1584769.568704455,157.16168847227567
454,bytownite_mesh,4000.0,1588267.956273339,157.0289687742382
455,bytownite_mesh,4000.0,1591766.343842223,156.8972662866854
456,bytownite_mesh,4000.0,1595264.7314111071,156.76657337972318
457,bytownite_mesh,4000.0,1598763.1189799912,156.63688247762096
458,bytownite_mesh,4000.0,1602261.5065488752,156.50818605848443
459,bytownite_mesh,4000.0,1605759.8941177593,156.38047665393105
460,bytownite_mesh,4000.0,1609258.2816866434,156.25374684876482
461,bytownite_mesh,4000.0,1612756.6692555274,156.12798928065297
462,bytownite_mesh,4000.0,1616255.0568244115,156.00319663980244
463,bytownite_mesh,4000.0,1619753.4443932956,155.87936166863864
464,bytownite_mesh,4000.0,1623251.8319621796,155.75647716148353
465,bytownite_mesh,4000.0,1626750.2195310637,155.63453596423605
466,bytownite_mesh,4000.0,1630248.6070999478,155.51353097405263
467,bytownite_mesh,4000.0,1633746.9946688318,155.3934551390289
468,bytownite_mesh,4000.0,1637245.3822377159,155.27430145788267
469,bytownite_mesh,4000.0,1640743.7698066,155.1560629796373
470,bytownite_mesh,4000.0,1644242.157375484,155.03873280330703
471,bytownite_mesh,4000.0,1647740.544944368,154.92230407758225
472,bytownite_mesh,4000.0,1651238.9325132521,154.80677000051702
473,bytownite_mesh,4000.0,1654737.3200821362,154.69212381921648
474,bytownite_mesh,4000.0,1658235.7076510203,154.57835882952645
475,bytownite_mesh,4000.0,1661734.0952199043,154.4654683757234
476,bytownite_mesh,4000.0,1665232.4827887886,154.35344585020596
477,bytownite_mesh,4000.0,1668730.8703576727,154.2422846931873
478,bytownite_mesh,4000.0,1672229.2579265567,154.13197839238887
479,bytownite_mesh,4000.0,1675727.6454954408,154.02252048273533
480,bytownite_mesh,4000.0,1679226.0330643249,153.91390454605062
481,bytownite_mesh,4000.0,1682724.420633209,153.80612421075494
482,bytownite_mesh,4000.0,1686222.808202093,153.69917315156357
483,bytownite_mesh,4000.0,1689721.195770977,153.5930450891865
484,bytownite_mesh,4000.0,1693219.5833398611,153.487733790029
485,bytownite_mesh,4000.0,1696717.9709087452,153.3832330658944
486,bytownite_mesh,4000.0,1700216.3584776293,153.279536773687
487,bytownite_mesh,4000.0,1703714.7460465133,153.17663881511712
488,bytownite_mesh,4000.0,1707213.1336153974,153.07453313640684
489,bytownite_mesh,4000.0,1710711.5211842814,152.97321372799763
490,bytownite_mesh,4000.0,1714209.9087531655,152.8726746242583
491,bytownite_mesh,4000.0,1717708.2963220496,152.7729099031956
492,bytownite_mesh,4000.0,1721206.6838909336,152.67391368616498
493,bytownite_mesh,4000.0,1724705.0714598177,152.57568013758305
494,bytownite_mesh,4000.0,1728203.4590287018,152.47820346464158
495,bytownite_mesh,4000.0,1731701.8465975858,152.38147791702272
496,bytownite_mesh,4000.0,1735200.23416647,152.28549778661522
497,bytownite_mesh,4000.0,1738698.621735354,152.19025740723245
498,bytownite_mesh,4000.0,1742197.009304238,152.09575115433157
499,bytownite_mesh,4000.0,1745695.396873122,152.00197344473403
500,bytownite_mesh,4000.0,1749193.7844420061,151.90891873634754
501,bytownite_mesh,4000.0,1752692.1720108904,151.81658152788924
502,bytownite_mesh,4000.0,1756190.5595797745,151.72495635861026
503,bytownite_mesh,4000.0,1759688.9471486586,151.63403780802201
504,bytownite_mesh,4000.0,1763187.3347175426,151.54382049562324
505,bytownite_mesh,4000.0,1766685.7222864267,151.45429908062889
506,bytownite_mesh,4000.0,1770184.1098553108,151.3654682617004
507,bytownite_mesh,4000.0,1773682.4974241948,151.27732277667678
508,bytownite_mesh,4000.0,1777180.884993079,151.18985740230812
509,bytownite_mesh,4000.0,1780679.272561963,151.10306695398927
510,bytownite_mesh,4000.0,1784177.660130847,151.01694628549598
511,bytownite_mesh,4000.0,1787676.047699731,150.93149028872162
512,bytownite_mesh,4000.0,1791174.4352686151,150.84669389341605
513,bytownite_mesh,4000.0,1794672.8228374992,150.7625520669249
514,bytownite_mesh,4000.0,1798171.2104063833,150.67905981393153
515,bytownite_mesh,4000.0,1801669.5979752673,150.59621217619886
516,bytownite_mesh,4000.0,1805167.9855441514,150.51400423231425
517,bytownite_mesh,4000.0,1808666.3731130355,150.43243109743432
518,bytownite_mesh,4000.0,1812164.7606819195,150.35148792303198
519,bytownite_mesh,4000.0,1815663.1482508036,150.2711698966448
520,bytownite_mesh,4000.0,1819161.5358196876,150.1914722416245
521,bytownite_mesh,4000.0,1822659.9233885717,150.1123902168879
522,bytownite_mesh,4000.0,1826158.3109574558,150.03391911666947
523,bytownite_mesh,4000.0,1829656.6985263398,149.95605427027513
524,bytownite_mesh,4000.0,1833155.086095224,149.8787910418374
525,bytownite_mesh,4000.0,1836653.4736641082,149.8021248300721
526,bytownite_mesh,4000.0,1840151.8612329923,149.7260510680361
527,bytownite_mesh,4000.0,1843650.2488018763,149.6505652228871
528,bytownite_mesh,4000.0,1847148.6363707604,149.5756627956438
529,bytownite_mesh,4000.0,1850647.0239396445,149.50133932094877
530,bytownite_mesh,4000.0,1854145.4115085285,149.42759036683137
531,bytownite_mesh,4000.0,1857643.7990774126,149.35441153447297
532,bytownite_mesh,4000.0,1861142.1866462966,149.28179845797317
533,bytownite_mesh,4000.0,1864640.5742151807,149.20974680411754
534,bytownite_mesh,4000.0,1868138.9617840648,149.13825227214633
535,bytownite_mesh,4000.0,1871637.3493529488,149.06731059352552
536,bytownite_mesh,4000.0,1875135.736921833,148.99691753171786
537,bytownite_mesh,4000.0,1878634.124490717,148.92706888195667
538,bytownite_mesh,4000.0,1882132.512059601,148.8577604710198
539,bytownite_mesh,4000.0,1885630.899628485,148.7889881570059
540,bytownite_mesh,4000.0,1889129.2871973692,148.72074782911147
541,bytownite_mesh,4000.0,1892627.6747662532,148.65303540740936
542,bytownite_mesh,4000.0,1896126.0623351373,148.58584684262888
543,bytownite_mesh,4000.0,1899624.4499040213,148.51917811593682
544,bytownite_mesh,4000.0,1903122.8374729054,148.45302523872047
545,bytownite_mesh,4000.0,1906621.2250417895,148.3873842523709
546,bytownite_mesh,4000.0,1910119.6126106735,148.32225122806906
547,bytownite_mesh,4000.0,1913618.0001795576,148.2576222665716
548,bytownite_mesh,4000.0,1917116.3877484417,148.19349349799944
549,bytownite_mesh,4000.0,1920614.7753173257,148.12986108162644
550,bytownite_mesh,4000.0,1924113.16288621,148.06672120567072
551,bytownite_mesh,4000.0,1927611.550455094,148.00407008708552
552,bytownite_mesh,4000.0,1931109.9380239781,147.94190397135355
553,bytownite_mesh,4000.0,1934608.3255928622,147.88021913228047
554,bytownite_mesh,4000.0,1938106.7131617463,147.81901187179145
555,bytownite_mesh,4000.0,1941605.1007306303,147.7582785197276
556,bytownite_mesh,4000.0,1945103.4882995144,147.69801543364503
557,bytownite_mesh,4000.0,1948601.8758683985,147.63821899861387
558,bytownite_mesh,4000.0,1952100.2634372825,147.57888562701953
559,bytownite_mesh,4000.0,1955598.6510061666,147.52001175836514
560,bytownite_mesh,4000.0,1959097.0385750507,147.4615938590746
561,bytownite_mesh,4000.0,1962595.4261439347,147.40362842229752
562,bytownite_mesh,4000.0,1966093.8137128188,147.34611196771533
563,bytownite_mesh,4000.0,1969592.2012817028,147.28904104134838
564,bytownite_mesh,4000.0,1973090.588850587,147.23241221536466
565,bytownite_mesh,4000.0,1976588.976419471,147.17622208788933
566,bytownite_mesh,4000.0,1980087.363988355,147.12046728281595
567,bytownite_mesh,4000.0,1983585.751557239,147.0651444496186
568,bytownite_mesh,4000.0,1987084.1391261232,147.0102502631653
569,bytownite_mesh,4000.0,1990582.5266950072,146.95578142353293
570,bytownite_mesh,4000.0,1994080.9142638913,146.9017346558228
571,bytownite_mesh,4000.0,1997579.3018327754,146.84810670997814
572,bytownite_mesh,4000.0,2001077.6894016594,146.7948943606022
573,bytownite_mesh,4000.0,2004576.0769705435,146.74209440677785
574,bytownite_mesh,4000.0,2008074.4645394275,146.68970367188825
575,bytownite_mesh,4000.0,2011572.8521083118,146.637719003439
576,bytownite_mesh,4000.0,2015071.239677196,146.5861372728809
577,bytownite_mesh,4000.0,2018569.62724608,146.53495537543463
578,bytownite_mesh,4000.0,2022068.014814964,146.48417022991575
579,bytownite_mesh,4000.0,2025566.402383848,146.43377877856196
580,bytownite_mesh,4000.0,2029064.7899527322,146.38377798686022
581,bytownite_mesh,4000.0,2032563.1775216162,146.33416484337613
582,bytownite_mesh,4000.0,2036061.5650905003,146.28493635958407
583,bytownite_mesh,4000.0,2039559.9526593843,146.2360895696981
584,bytownite_mesh,4000.0,2043058.3402282684,146.1876215305047
585,bytownite_mesh,4000.0,2046556.7277971525,146.13952932119616
586,bytownite_mesh,4000.0,2050055.1153660365,146.09181004320521
587,bytownite_mesh,4000.0,2053553.5029349206,146.0444608200409
588,bytownite_mesh,4000.0,2057051.8905038047,145.99747879712538
589,bytownite_mesh,4000.0,2060550.2780726887,145.95086114163203
590,bytownite_mesh,4000.0,2064048.6656415728,145.90460504232442
591,bytownite_mesh,4000.0,2067547.0532104569,145.85870770939675
592,bytownite_mesh,4000.0,2071045.440779341,145.81316637431502
593,bytownite_mesh,4000.0,2074543.828348225,145.7679782896593
594,bytownite_mesh,4000.0,2078042.215917109,145.72314072896765
595,bytownite_mesh,4000.0,2081540.603485993,145.67865098657998
596,bytownite_mesh,4000.0,2085038.9910548772,145.63450637748454
597,bytownite_mesh,4000.0,2088537.3786237612,145.59070423716386
598,bytownite_mesh,4000.0,2092035.7661926453,145.5472419214429
599,bytownite_mesh,4000.0,2095534.1537615296,145.50411680633792
600,bytownite_mesh,4000.0,2099032.5413304134,145.46132628790593
601,bytownite_mesh,4000.0,2102530.9288992975,145.4188677820961
602,bytownite_mesh,4000.0,2106029.3164681816,145.37673872460127
603,bytownite_mesh,4000.0,2109527.7040370656,145.3349365707112
604,bytownite_mesh,4000.0,2113026.0916059497,145.29345879516654
605,bytownite_mesh,4000.0,2116524.4791748337,145.25230289201346
606,bytownite_mesh,4000.0,2120022.866743718,145.21146637446037
607,bytownite_mesh,4000.0,2123521.254312602,145.1709467747342
608,bytownite_mesh,4000.0,2127019.641881486,145.1307416439391
609,bytownite_mesh,4000.0,2130518.02945037,145.0908485519148
610,bytownite_mesh,4000.0,2134016.417019254,145.0512650870974
611,bytownite_mesh,4000.0,2137514.804588138,145.0119888563796
612,bytownite_mesh,4000.0,2141013.1921570227,144.97301748497318
613,bytownite_mesh,4000.0,2144511.5797259067,144.9343486162718
614,bytownite_mesh,4000.0,2148009.967294791,144.89597991171502
615,bytownite_mesh,4000.0,2151508.354863675,144.85790905065295
616,bytownite_mesh,4000.0,2155006.742432559,144.82013373021218
617,bytownite_mesh,4000.0,2158505.130001443,144.78265166516292
618,bytownite_mesh,4000.0,2162003.517570327,144.74546058778597
619,bytownite_mesh,4000.0,2165501.905139211,144.70855824774233
620,bytownite_mesh,4000.0,2169000.292708095,144.67194241194198
621,bytownite_mesh,4000.0,2172498.680276979,144.6356108644148
622,bytownite_mesh,4000.0,2175997.0678458633,144.59956140618212
623,bytownite_mesh,4000.0,2179495.4554147474,144.56379185512876
624,bytownite_mesh,4000.0,2182993.8429836314,144.52830004587653
625,bytownite_mesh,4000.0,2186492.2305525155,144.49308382965853
626,bytownite_mesh,4000.0,2189990.6181213995,144.4581410741938
627,bytownite_mesh,4000.0,2193489.0056902836,144.4234696635637
628,bytownite_mesh,4000.0,2196987.3932591677,144.38906749808876
629,bytownite_mesh,4000.0,2200485.7808280517,144.35493249420597
630,bytownite_mesh,4000.0,2203984.168396936,144.3210625843481
631,bytownite_mesh,4000.0,2207482.55596582,144.28745571682256
632,bytownite_mesh,4000.0,2210980.943534704,144.2541098556922
633,bytownite_mesh,4000.0,2214479.331103588,144.22102298065624
634,bytownite_mesh,4000.0,2217977.718672472,144.18819308693253
635,bytownite_mesh,4000.0,2221476.106241356,144.15561818514038
636,bytownite_mesh,4000.0,2224974.49381024,144.1232963011845
637,bytownite_mesh,4000.0,2228472.8813791242,144.09122547613921
638,bytownite_mesh,4000.0,2231971.2689480083,144.05940376613444
639,bytownite_mesh,4000.0,2235469.6565168924,144.02782924224147
640,bytownite_mesh,4000.0,2238968.0440857764,143.99649999036055
641,bytownite_mesh,4000.0,2242466.4316546605,143.96541411110815
642,bytownite_mesh,4000.0,2245964.8192235446,143.9345697197064
643,bytownite_mesh,4000.0,2249463.2067924286,143.9039649458722
644,bytownite_mesh,4000.0,2252961.5943613127,143.87359793370752
645,bytownite_mesh,4000.0,2256459.9819301968,143.84346684159084
646,bytownite_mesh,4000.0,2259958.369499081,143.81356984206872
647,bytownite_mesh,4000.0,2263456.757067965,143.78390512174894
648,bytownite_mesh,4000.0,2266955.144636849,143.7544708811934
649,bytownite_mesh,4000.0,2270453.532205733,143.72526533481312
650,bytownite_mesh,4000.0,2273951.919774617,143.69628671076242
651,bytownite_mesh,4000.0,2277450.307343501,143.66753325083567
652,bytownite_mesh,4000.0,2280948.694912385,143.63900321036297
653,bytownite_mesh,4000.0,2284447.0824812693,143.61069485810825
654,bytownite_mesh,4000.0,2287945.4700501533,143.58260647616666
655,bytownite_mesh,4000.0,2291443.8576190374,143.55473635986394
656,bytownite_mesh,4000.0,2294942.2451879214,143.52708281765558
657,bytownite_mesh,4000.0,2298440.6327568055,143.4996441710274
658,bytownite_mesh,4000.0,2301939.0203256896,143.47241875439647
659,bytownite_mesh,4000.0,2305437.4078945736,143.44540491501274
660,bytownite_mesh,4000.0,2308935.7954634577,143.41860101286184
661,bytownite_mesh,4000.0,2312434.183032342,143.3920054205679
662,bytownite_mesh,4000.0,2315932.5706012263,143.3656165232977
663,bytownite_mesh,4000.0,2319430.9581701104,143.33943271866517
664,bytownite_mesh,4000.0,2322929.3457389944,143.31345241663678
665,bytownite_mesh,4000.0,2326427.7333078785,143.28767403943766
666,bytownite_mesh,4000.0,2329926.1208767626,143.2620960214579
667,bytownite_mesh,4000.0,2333424.5084456466,143.23671680916036
668,bytownite_mesh,4000.0,2336922.8960145307,143.21153486098862
669,bytownite_mesh,4000.0,2340421.2835834147,143.18654864727563
670,bytownite_mesh,4000.0,2343919.671152299,143.16175665015336
671,bytownite_mesh,4000.0,2347418.058721183,143.13715736346256
672,bytownite_mesh,4000.0,2350916.446290067,143.112749292664
673,bytownite_mesh,4000.0,2354414.833858951,143.08853095474933
674,bytownite_mesh,4000.0,2357913.221427835,143.0645008781537
675,bytownite_mesh,4000.0,2361411.608996719,143.04065760266806
676,bytownite_mesh,4000.0,2364909.996565603,143.01699967935292
677,bytownite_mesh,4000.0,2368408.3841344872,142.9935256704521
678,bytownite_mesh,4000.0,2371906.7717033713,142.97023414930737
679,bytownite_mesh,4000.0,2375405.1592722554,142.94712370027412
680,bytownite_mesh,4000.0,2378903.5468411394,142.92419291863658
681,bytownite_mesh,4000.0,2382401.9344100235,142.90144041052528
682,bytownite_mesh,4000.0,2385900.3219789076,142.87886479283344
683,bytownite_mesh,4000.0,2389398.7095477916,142.8564646931352
684,bytownite_mesh,4000.0,2392897.0971166757,142.83423874960368
685,bytownite_mesh,4000.0,2396395.4846855598,142.81218561093047
686,bytownite_mesh,4000.0,2399893.872254444,142.79030393624464
687,bytownite_mesh,4000.0,2403392.259823328,142.76859239503352
688,bytownite_mesh,4000.0,2406890.647392212,142.7470496670631
689,bytownite_mesh,4000.0,2410389.034961096,142.72567444229952
690,bytownite_mesh,4000.0,2413887.42252998,142.70446542083127
691,bytownite_mesh,4000.0,2417385.810098864,142.68342131279138
692,bytownite_mesh,4000.0,2420884.197667748,142.66254083828096
693,bytownite_mesh,4000.0,2424382.5852366323,142.64182272729244
694,bytownite_mesh,4000.0,2427880.9728055163,142.62126571963447
695,bytownite_mesh,4000.0,2431379.3603744004,142.60086856485617
696,bytownite_mesh,4000.0,2434877.7479432845,142.58063002217295
697,bytownite_mesh,4000.0,2438376.1355121685,142.56054886039232
698,bytownite_mesh,4000.0,2441874.5230810526,142.54062385784044
699,bytownite_mesh,4000.0,2445372.9106499366,142.52085380228914
700,bytownite_mesh,4000.0,2448871.2982188207,142.50123749088377
701,bytownite_mesh,4000.0,2452369.685787705,142.48177373007113
702,bytownite_mesh,4000.0,2455868.073356589,142.46246133552808
703,bytownite_mesh,4000.0,2459366.460925473,142.44329913209134
704,bytownite_mesh,4000.0,2462864.848494357,142.42428595368654
705,bytownite_mesh,4000.0,2466363.236063241,142.40542064325905
706,bytownite_mesh,4000.0,2469861.623632125,142.38670205270463
707,bytownite_mesh,4000.0,2473360.011201009,142.36812904280066
708,bytownite_mesh,4000.0,2476858.398769893,142.34970048313818
709,bytownite_mesh,4000.0,2480356.7863387773,142.33141525205426
710,bytownite_mesh,4000.0,2483855.173907662,142.31327223656461
711,bytownite_mesh,4000.0,2487353.561476546,142.2952703322975
712,bytownite_mesh,4000.0,2490851.94904543,142.27740844342696
713,bytownite_mesh,4000.0,2494350.336614314,142.25968548260784
714,bytownite_mesh,4000.0,2497848.724183198,142.2421003709103
715,bytownite_mesh,4000.0,2501347.111752082,142.22465203775516
716,bytownite_mesh,4000.0,2504845.499320966,142.20733942085002
717,bytownite_mesh,4000.0,2508343.8868898503,142.1901614661254
718,bytownite_mesh,4000.0,2511842.2744587343,142.1731171276716
719,bytownite_mesh,4000.0,2515340.6620276184,142.1562053676761
720,bytownite_mesh,4000.0,2518839.0495965024,142.1394251563611
721,bytownite_mesh,4000.0,2522337.4371653865,142.12277547192227
722,bytownite_mesh,4000.0,2525835.8247342706,142.10625530046667
723,bytownite_mesh,4000.0,2529334.2123031546,142.08986363595272
724,bytownite_mesh,4000.0,2532832.5998720387,142.07359948012933
725,bytownite_mesh,4000.0,2536330.9874409228,142.05746184247624
726,bytownite_mesh,4000.0,2539829.375009807,142.04144974014437
727,bytownite_mesh,4000.0,2543327.762578691,142.025562197897
728,bytownite_mesh,4000.0,2546826.150147575,142.00979824805123
729,bytownite_mesh,4000.0,2550324.537716459,141.99415693041942
730,bytownite_mesh,4000.0,2553822.925285343,141.97863729225236
731,bytownite_mesh,4000.0,2557321.312854227,141.96323838818114
732,bytownite_mesh,4000.0,2560819.700423111,141.9479592801609
733,bytownite_mesh,4000.0,2564318.0879919953,141.93279903741433
734,bytownite_mesh,4000.0,2567816.4755608793,141.91775673637557
735,bytownite_mesh,4000.0,2571314.8631297634,141.90283146063493
736,bytownite_mesh,4000.0,2574813.2506986475,141.8880223008837
737,bytownite_mesh,4000.0,2578311.6382675315,141.87332835485927
738,bytownite_mesh,4000.0,2581810.0258364156,141.85874872729119
739,bytownite_mesh,4000.0,2585308.4134052997,141.84428252984702
740,bytownite_mesh,4000.0,2588806.8009741837,141.82992888107913
741,bytownite_mesh,4000.0,2592305.188543068,141.8156869063716
742,bytownite_mesh,4000.0,2595803.576111952,141.80155573788736
743,bytownite_mesh,4000.0,2599301.963680836,141.7875345145162
744,bytownite_mesh,4000.0,2602800.35124972,141.77362238182292
745,bytownite_mesh,4000.0,2606298.738818604,141.7598184919958
746,bytownite_mesh,4000.0,2609797.126387488,141.7461220037955
747,bytownite_mesh,4000.0,2613295.513956372,141.73253208250446
748,bytownite_mesh,4000.0,2616793.901525256,141.71904789987678
749,bytownite_mesh,4000.0,2620292.2890941403,141.70566863408794
750,bytownite_mesh,4000.0,2623790.6766630244,141.69239346968556
751,bytownite_mesh,4000.0,2627289.0642319084,141.67922159754036
752,bytownite_mesh,4000.0,2630787.4518007925,141.6661522147971
753,bytownite_mesh,4000.0,2634285.8393696765,141.65318452482632
754,bytownite_mesh,4000.0,2637784.2269385606,141.64031773717633
755,bytownite_mesh,4000.0,2641282.6145074447,141.62755106752562
756,bytownite_mesh,4000.0,2644781.0020763287,141.61488373763532
757,bytownite_mesh,4000.0,2648279.389645213,141.60231497530256
758,bytownite_mesh,4000.0,2651777.777214097,141.58984401431377
759,bytownite_mesh,4000.0,2655276.1647829814,141.57747009439822
760,bytownite_mesh,4000.0,2658774.5523518655,141.56519246118265
761,bytownite_mesh,4000.0,2662272.9399207495,141.55301036614532
762,bytownite_mesh,4000.0,2665771.3274896336,141.54092306657108
763,bytownite_mesh,4000.0,2669269.7150585176,141.52892982550628
764,bytownite_mesh,4000.0,2672768.1026274017,141.51702991171464
765,bytownite_mesh,4000.0,2676266.490196286,141.50522259963284
766,bytownite_mesh,4000.0,2679764.87776517,141.49350716932682
767,bytownite_mesh,4000.0,2683263.265334054,141.48188290644825
768,bytownite_mesh,4000.0,2686761.652902938,141.47034910219136
769,bytownite_mesh,4000.0,2690260.040471822,141.4589050532504
770,bytownite_mesh,4000.0,2693758.428040706,141.44755006177664
771,bytownite_mesh,4000.0,2697256.81560959,141.43628343533675
772,bytownite_mesh,4000.0,2700755.203178474,141.42510448687065
773,bytownite_mesh,4000.0,2704253.5907473583,141.41401253464994
774,bytownite_mesh,4000.0,2707751.9783162423,141.40300690223722
775,bytownite_mesh,4000.0,2711250.3658851264,141.39208691844416
776,bytownite_mesh,4000.0,2714748.7534540105,141.3812519172923
777,bytownite_mesh,4000.0,2718247.1410228945,141.37050123797144
778,bytownite_mesh,4000.0,2721745.5285917786,141.35983422480086
779,bytownite_mesh,4000.0,2725243.9161606627,141.34925022718875
780,bytownite_mesh,4000.0,2728742.3037295467,141.33874859959337
781,bytownite_mesh,4000.0,2732240.691298431,141.328328701484
782,bytownite_mesh,4000.0,2735739.078867315,141.31798989730186
783,bytownite_mesh,4000.0,2739237.466436199,141.30773155642214
784,bytownite_mesh,4000.0,2742735.854005083,141.2975530531154
785,bytownite_mesh,4000.0,2746234.241573967,141.28745376650994
786,bytownite_mesh,4000.0,2749732.629142851,141.27743308055437
787,bytownite_mesh,4000.0,2753231.016711735,141.26749038397992
788,bytownite_mesh,4000.0,2756729.404280619,141.25762507026388
789,bytownite_mesh,4000.0,2760227.7918495033,141.2478365375926
790,bytownite_mesh,4000.0,2763726.1794183874,141.23812418882517
791,bytownite_mesh,4000.0,2767224.5669872714,141.2284874314573
792,bytownite_mesh,4000.0,2770722.9545561555,141.21892567758525
793,bytownite_mesh,4000.0,2774221.3421250395,141.20943834387063
794,bytownite_mesh,4000.0,2777719.7296939236,141.20002485150474
795,bytownite_mesh,4000.0,2781218.1172628077,141.19068462617344
796,bytownite_mesh,4000.0,2784716.5048316917,141.1814170980228
797,bytownite_mesh,4000.0,2788214.892400576,141.17222170162418
798,bytownite_mesh,4000.0,2791713.27996946,141.16309787594014
799,bytownite_mesh,4000.0,2795211.667538344,141.15404506429044
800,bytownite_mesh,4000.0,2798710.055107228,141.14506271431824
801,bytownite_mesh,4000.0,2802208.442676112,141.13615027795697
802,bytownite_mesh,4000.0,2805706.830244996,141.12730721139633
803,bytownite_mesh,4000.0,2809205.21781388,141.11853297505053
804,bytownite_mesh,4000.0,2812703.6053827642,141.10982703352414
805,bytownite_mesh,4000.0,2816201.9929516483,141.10118885558109
806,bytownite_mesh,4000.0,2819700.3805205324,141.09261791411143
807,bytownite_mesh,4000.0,2823198.7680894164,141.0841136860998
808,bytownite_mesh,4000.0,2826697.1556583005,141.07567565259362
809,bytownite_mesh,4000.0,2830195.543227185,141.0673032986718
810,bytownite_mesh,4000.0,2833693.930796069,141.0589961134131
811,bytownite_mesh,4000.0,2837192.318364953,141.05075358986576
812,bytownite_mesh,4000.0,2840690.705933837,141.0425752250162
813,bytownite_mesh,4000.0,2844189.0935027213,141.03446051975885
814,bytownite_mesh,4000.0,2847687.4810716053,141.02640897886562
815,bytownite_mesh,4000.0,2851185.8686404894,141.01842011095616
816,bytownite_mesh,4000.0,2854684.2562093735,141.0104934284678
817,bytownite_mesh,4000.0,2858182.6437782575,141.00262844762608
818,bytownite_mesh,4000.0,2861681.0313471416,140.9948246884154
819,bytownite_mesh,4000.0,2865179.4189160257,140.9870816745499
820,bytownite_mesh,4000.0,2868677.8064849097,140.97939893344451
821,bytownite_mesh,4000.0,2872176.194053794,140.97177599618624
822,bytownite_mesh,4000.0,2875674.581622678,140.9642123975059
823,bytownite_mesh,4000.0,2879172.969191562,140.95670767574967
824,bytownite_mesh,4000.0,2882671.356760446,140.9492613728512
825,bytownite_mesh,4000.0,2886169.74432933,140.9418730343037
826,bytownite_mesh,4000.0,2889668.131898214,140.93454220913242
827,bytownite_mesh,4000.0,2893166.519467098,140.92726844986737
828,bytownite_mesh,4000.0,2896664.9070359822,140.9200513125158
829,bytownite_mesh,4000.0,2900163.2946048663,140.91289035653583
830,bytownite_mesh,4000.0,2903661.6821737504,140.90578514480904
831,bytownite_mesh,4000.0,2907160.0697426344,140.89873524361434
832,bytownite_mesh,4000.0,2910658.4573115185,140.89174022260173
833,bytownite_mesh,4000.0,2914156.8448804026,140.88479965476566
834,bytownite_mesh,4000.0,2917655.2324492866,140.87791311641962
835,bytownite_mesh,4000.0,2921153.6200181707,140.87108018717012
836,bytownite_mesh,4000.0,2924652.0075870547,140.86430044989118
837,bytownite_mesh,4000.0,2928150.395155939,140.85757349069914
838,bytownite_mesh,4000.0,2931648.782724823,140.8508988989273
839,bytownite_mesh,4000.0,2935147.170293707,140.84427626710124
840,bytownite_mesh,4000.0,2938645.557862591,140.8377051909137
841,bytownite_mesh,4000.0,2942143.945431475,140.8311852692005
842,bytownite_mesh,4000.0,2945642.333000359,140.82471610391545
843,bytownite_mesh,4000.0,2949140.720569243,140.8182973001072
844,bytownite_mesh,4000.0,2952639.1081381273,140.81192846589397
845,bytownite_mesh,4000.0,2956137.4957070113,140.80560921244103
846,bytownite_mesh,4000.0,2959635.8832758954,140.79933915393593
847,bytownite_mesh,4000.0,2963134.2708447794,140.79311790756591
848,bytownite_mesh,4000.0,2966632.6584136635,140.78694509349413
849,bytownite_mesh,4000.0,2970131.0459825476,140.78082033483665
850,bytownite_mesh,4000.0,2973629.4335514316,140.77474325763984
851,bytownite_mesh,4000.0,2977127.8211203157,140.7687134908572
852,bytownite_mesh,4000.0,2980626.2086891998,140.76273066632703
853,bytownite_mesh,4000.0,2984124.596258084,140.7567944187502
854,bytownite_mesh,4000.0,2987622.983826968,140.75090438566752
855,bytownite_mesh,4000.0,2991121.371395852,140.7450602074382
856,bytownite_mesh,4000.0,2994619.758964736,140.73926152721742
857,bytownite_mesh,4000.0,2998118.14653362,140.73350799093532
858,bytownite_mesh,4000.0,3001616.5341025046,140.72779924727467
859,bytownite_mesh,4000.0,3005114.9216713887,140.72213494765032
860,bytownite_mesh,4000.0,3008613.3092402727,140.71651474618727
861,bytownite_mesh,4000.0,3012111.696809157,140.71093829970016
862,bytownite_mesh,4000.0,3015610.084378041,140.70540526767206
863,bytownite_mesh,4000.0,3019108.471946925,140.69991531223414
864,bytownite_mesh,4000.0,3022606.859515809,140.69446809814443
865,bytownite_mesh,4000.0,3026105.247084693,140.6890632927684
866,bytownite_mesh,4000.0,3029603.634653577,140.6837005660577
867,bytownite_mesh,4000.0,3033102.022222461,140.67837959053105
868,bytownite_mesh,4000.0,3036600.4097913452,140.67310004125335
869,bytownite_mesh,4000.0,3040098.7973602293,140.66786159581676
870,bytownite_mesh,4000.0,3043597.1849291134,140.66266393432056
871,bytownite_mesh,4000.0,3047095.5724979974,140.65750673935185
872,bytownite_mesh,4000.0,3050593.9600668815,140.6523896959663
873,bytownite_mesh,4000.0,3054092.3476357656,140.6473124916688
874,bytownite_mesh,4000.0,3057590.7352046496,140.64227481639466
875,bytownite_mesh,4000.0,3061089.1227735337,140.6372763624906
876,bytownite_mesh,4000.0,3064587.5103424178,140.63231682469603
877,bytownite_mesh,4000.0,3068085.897911302,140.62739590012455
878,bytownite_mesh,4000.0,3071584.285480186,140.6225132882454
879,bytownite_mesh,4000.0,3075082.67304907,140.61766869086526
880,bytownite_mesh,4000.0,3078581.060617954,140.61286181211005
881,bytownite_mesh,4000.0,3082079.448186838,140.60809235840708
882,bytownite_mesh,4000.0,3085577.835755722,140.60336003846686
883,bytownite_mesh,4000.0,3089076.223324606,140.59866456326554
884,bytownite_mesh,4000.0,3092574.6108934903,140.59400564602754
885,bytownite_mesh,4000.0,3096072.9984623743,140.5893830022075
886,bytownite_mesh,4000.0,3099571.3860312584,140.5847963494737
887,bytownite_mesh,4000.0,3103069.7736001424,140.5802454076903
888,bytownite_mesh,4000.0,3106568.1611690265,140.57572989890042
889,bytownite_mesh,4000.0,3110066.5487379106,140.57124954730952
890,bytownite_mesh,4000.0,3113564.9363067946,140.56680407926802
891,bytownite_mesh,4000.0,3117063.3238756787,140.56239322325524
892,bytownite_mesh,4000.0,3120561.7114445628,140.55801670986244
893,bytownite_mesh,4000.0,3124060.099013447,140.55367427177666
894,bytownite_mesh,4000.0,3127558.486582331,140.54936564376428
895,bytownite_mesh,4000.0,3131056.874151215,140.545090562655
896,bytownite_mesh,4000.0,3134555.261720099,140.54084876732566
897,bytownite_mesh,4000.0,3138053.649288983,140.53663999868465
898,bytownite_mesh,4000.0,3141552.036857867,140.5324639996555
899,bytownite_mesh,4000.0,3145050.424426751,140.52832051516194
900,bytownite_mesh,4000.0,3148548.8119956353,140.52420929211198
901,bytownite_mesh,4000.0,3152047.1995645193,140.5201300793825
902,bytownite_mesh,4000.0,3155545.5871334034,140.516082627804
903,bytownite_mesh,4000.0,3159043.9747022875,140.51206669014556
904,bytownite_mesh,4000.0,3162542.3622711715,140.50808202109943
905,bytownite_mesh,4000.0,3166040.7498400556,140.50412837726645
906,bytownite_mesh,4000.0,3169539.1374089397,140.500205517141
907,bytownite_mesh,4000.0,3173037.524977824,140.49631320109648
908,bytownite_mesh,4000.0,3176535.9125467082,140.49245119137055
909,bytownite_mesh,4000.0,3180034.3001155923,140.48861925205046
910,bytownite_mesh,4000.0,3183532.6876844764,140.48481714905913
911,bytownite_mesh,4000.0,3187031.0752533604,140.48104465014057
912,bytownite_mesh,4000.0,3190529.4628222445,140.47730152484587
913,bytownite_mesh,4000.0,3194027.8503911286,140.473587544519
914,bytownite_mesh,4000.0,3197526.2379600126,140.46990248228303
915,bytownite_mesh,4000.0,3201024.6255288967,140.4662461130263
916,bytownite_mesh,4000.0,3204523.0130977808,140.46261821338837
917,bytownite_mesh,4000.0,3208021.400666665,140.4590185617471
918,bytownite_mesh,4000.0,3211519.788235549,140.45544693820432
919,bytownite_mesh,4000.0,3215018.175804433,140.45190312457322
920,bytownite_mesh,4000.0,3218516.563373317,140.44838690436433
921,bytownite_mesh,4000.0,3222014.950942201,140.44489806277284
922,bytownite_mesh,4000.0,3225513.338511085,140.44143638666517
923,bytownite_mesh,4000.0,3229011.726079969,140.4380016645664
924,bytownite_mesh,4000.0,3232510.1136488533,140.4345936866468
925,bytownite_mesh,4000.0,3236008.5012177373,140.43121224470963
926,bytownite_mesh,4000.0,3239506.8887866214,140.42785713217793
927,bytownite_mesh,4000.0,3243005.2763555055,140.4245281440824
928,bytownite_mesh,4000.0,3246503.6639243895,140.42122507704835
929,bytownite_mesh,4000.0,3250002.0514932736,140.417947729284
930,bytownite_mesh,4000.0,3253500.4390621576,140.41469590056758
931,bytownite_mesh,4000.0,3256998.8266310417,140.41146939223532
932,bytownite_mesh,4000.0,3260497.214199926,140.4082680071695
933,bytownite_mesh,4000.0,3263995.60176881,140.40509154978622
934,bytownite_mesh,4000.0,3267493.989337694,140.40193982602344
935,bytownite_mesh,4000.0,3270992.376906578,140.39881264332945
936,bytownite_mesh,4000.0,3274490.764475462,140.39570981065083
937,bytownite_mesh,4000.0,3277989.152044346,140.39263113842085
938,bytownite_mesh,4000.0,3281487.53961323,140.38957643854815
939,bytownite_mesh,4000.0,3284985.927182114,140.38654552440477
940,bytownite_mesh,4000.0,3288484.3147509983,140.3835382108155
941,bytownite_mesh,4000.0,3291982.7023198823,140.3805543140458
942,bytownite_mesh,4000.0,3295481.0898887664,140.3775936517912
943,bytownite_mesh,4000.0,3298979.4774576505,140.37465604316588
944,bytownite_mesh,4000.0,3302477.8650265345,140.37174130869164
945,bytownite_mesh,4000.0,3305976.2525954186,140.36884927028711
946,bytownite_mesh,4000.0,3309474.6401643027,140.36597975125676
947,bytownite_mesh,4000.0,3312973.0277331867,140.36313257628026
948,bytownite_mesh,4000.0,3316471.415302071,140.36030757140153
949,bytownite_mesh,4000.0,3319969.802870955,140.35750456401837
950,bytownite_mesh,4000.0,3323468.190439839,140.35472338287192
951,bytownite_mesh,4000.0,3326966.578008723,140.35196385803613
952,bytownite_mesh,4000.0,3330464.965577607,140.3492258209073
953,bytownite_mesh,4000.0,3333963.353146491,140.34650910419398
954,bytownite_mesh,4000.0,3337461.740715375,140.34381354190685
955,bytownite_mesh,4000.0,3340960.1282842592,140.34113896934807
956,bytownite_mesh,4000.0,3344458.5158531438,140.33848522310205
957,bytownite_mesh,4000.0,3347956.903422028,140.3358521410247
958,bytownite_mesh,4000.0,3351455.290990912,140.3332395622341
959,bytownite_mesh,4000.0,3354953.678559796,140.33064732710017
960,bytownite_mesh,4000.0,3358452.06612868,140.32807527723565
961,bytownite_mesh,4000.0,3361950.453697564,140.32552325548562
962,bytownite_mesh,4000.0,3365448.841266448,140.3229911059185
963,bytownite_mesh,4000.0,3368947.228835332,140.32047867381635
964,bytownite_mesh,4000.0,3372445.6164042163,140.31798580566522
965,bytownite_mesh,4000.0,3375944.0039731003,140.31551234914627
966,bytownite_mesh,4000.0,3379442.3915419844,140.31305815312604
967,bytownite_mesh,4000.0,3382940.7791108685,140.3106230676473
968,bytownite_mesh,4000.0,3386439.1666797525,140.3082069439202
969,bytownite_mesh,4000.0,3389937.5542486366,140.30580963431277
970,bytownite_mesh,4000.0,3393435.9418175207,140.3034309923422
971,bytownite_mesh,4000.0,3396934.3293864047,140.30107087266583
972,bytownite_mesh,4000.0,3400432.716955289,140.29872913107226
973,bytownite_mesh,4000.0,3403931.104524173,140.29640562447256
974,bytownite_mesh,4000.0,3407429.492093057,140.29410021089151
975,bytownite_mesh,4000.0,3410927.879661941,140.29181274945898
976,bytownite_mesh,4000.0,3414426.267230825,140.2895431004014
977,bytownite_mesh,4000.0,3417924.654799709,140.28729112503297
978,bytownite_mesh,4000.0,3421423.042368593,140.2850566857476
979,bytownite_mesh,4000.0,3424921.429937477,140.28283964601002
980,bytownite_mesh,4000.0,3428419.8175063613,140.280639870348
981,bytownite_mesh,4000.0,3431918.2050752454,140.27845722434364
982,bytownite_mesh,4000.0,3435416.5926441294,140.27629157462542
983,bytownite_mesh,4000.0,3438914.9802130135,140.27414278885973
984,bytownite_mesh,4000.0,3442413.3677818975,140.2720107357434
985,bytownite_mesh,4000.0,3445911.7553507816,140.26989528499504
986,bytownite_mesh,4000.0,3449410.1429196657,140.26779630734745
987,bytownite_mesh,4000.0,3452908.5304885497,140.26571367453968
988,bytownite_mesh,4000.0,3456406.918057434,140.26364725930918
989,bytownite_mesh,4000.0,3459905.305626318,140.26159693538395
990,bytownite_mesh,4000.0,3463403.693195202,140.25956257747495
991,bytownite_mesh,4000.0,3466902.080764086,140.2575440612684
992,bytownite_mesh,4000.0,3470400.46833297,140.2555412634182
993,bytownite_mesh,4000.0,3473898.855901854,140.2535540615384
994,bytownite_mesh,4000.0,3477397.243470738,140.2515823341958
995,bytownite_mesh,4000.0,3480895.6310396222,140.2496259609024
996,bytownite_mesh,4000.0,3484394.0186085063,140.24768482210808
997,bytownite_mesh,4000.0,3487892.4061773904,140.24575879919342
998,bytownite_mesh,4000.0,3491390.7937462744,140.24384777446238
999,bytownite_mesh,4000.0,3494889.1813151585,140.24195163113507
