"Mesh","Mg Equilibration Time (years)","c half axis (um)","Temperature (C)"
"high_albite_mesh",87623.2591607101,50,675
"high_albite_mesh",13493.6095958375,50,725
"high_albite_mesh",2484.07481041571,50,775
"high_albite_mesh",533.504104254813,50,825
"high_albite_mesh",131.009067598374,50,875
"high_albite_mesh",36.1717473159828,50,925
"high_albite_mesh",11.0719426673975,50,975
"high_albite_mesh",3.71269073055652,50,1025
"high_albite_mesh",1.35007102442973,50,1075
"high_albite_mesh",0.527776709885339,50,1125
"high_albite_mesh",350493.036642841,100,675
"high_albite_mesh",53974.43838335,100,725
"high_albite_mesh",9936.29924166286,100,775
"high_albite_mesh",2134.01641701925,100,825
"high_albite_mesh",524.036270393495,100,875
"high_albite_mesh",144.686989263931,100,925
"high_albite_mesh",44.2877706695898,100,975
"high_albite_mesh",14.8507629222261,100,1025
"high_albite_mesh",5.4002840977189,100,1075
"high_albite_mesh",2.11110683954135,100,1125
"high_albite_mesh",2190581.47901772,250,675
"high_albite_mesh",337340.23989594,250,725
"high_albite_mesh",62101.8702603937,250,775
"high_albite_mesh",13337.6026063704,250,825
"high_albite_mesh",3275.22668995938,250,875
"high_albite_mesh",904.293682899606,250,925
"high_albite_mesh",276.798566684941,250,975
"high_albite_mesh",92.8172682639108,250,1025
"high_albite_mesh",33.7517756107422,250,1075
"high_albite_mesh",13.1944177471333,250,1125
"high_albite_mesh",8762325.91607089,500,675
"high_albite_mesh",1349360.95958376,500,725
"high_albite_mesh",248407.481041575,500,775
"high_albite_mesh",53350.4104254816,500,825
"high_albite_mesh",13100.9067598375,500,875
"high_albite_mesh",3617.17473159843,500,925
"high_albite_mesh",1107.19426673976,500,975
"high_albite_mesh",371.269073055643,500,1025
"high_albite_mesh",135.007102442969,500,1075
"high_albite_mesh",52.7776709885333,500,1125
"high_albite_mesh",35049303.6642835,1000,675
"high_albite_mesh",5397443.83833505,1000,725
"high_albite_mesh",993629.924166299,1000,775
"high_albite_mesh",213401.641701927,1000,825
"high_albite_mesh",52403.6270393501,1000,875
"high_albite_mesh",14468.6989263937,1000,925
"high_albite_mesh",4428.77706695905,1000,975
"high_albite_mesh",1485.07629222257,1000,1025
"high_albite_mesh",540.028409771875,1000,1075
"high_albite_mesh",211.110683954133,1000,1125
"high_albite_mesh",140197214.657134,2000,675
"high_albite_mesh",21589775.3533402,2000,725
"high_albite_mesh",3974519.6966652,2000,775
"high_albite_mesh",853606.566807706,2000,825
"high_albite_mesh",209614.5081574,2000,875
"high_albite_mesh",57874.7957055748,2000,925
"high_albite_mesh",17715.1082678362,2000,975
"high_albite_mesh",5940.30516889029,2000,1025
"high_albite_mesh",2160.1136390875,2000,1075
"high_albite_mesh",844.442735816533,2000,1125
"high_albite_mesh",560788858.628537,4000,675
"high_albite_mesh",86359101.4133607,4000,725
"high_albite_mesh",15898078.7866608,4000,775
"high_albite_mesh",3414426.26723083,4000,825
"high_albite_mesh",838458.032629601,4000,875
"high_albite_mesh",231499.182822299,4000,925
"high_albite_mesh",70860.4330713448,4000,975
"high_albite_mesh",23761.2206755612,4000,1025
"high_albite_mesh",8640.45455635,4000,1075
"high_albite_mesh",3377.77094326613,4000,1125
