,Mesh,c half axis (um),Time (years),Core_Mg (ppm)
0,an743_mesh,250.0,0.0,430.0
1,an743_mesh,250.0,40.99672932285936,429.9999336235735
2,an743_mesh,250.0,81.99345864571872,430.0001492546845
3,an743_mesh,250.0,122.99018796857808,430.0000595068939
4,an743_mesh,250.0,163.98691729143744,430.00019081292737
5,an743_mesh,250.0,204.9836466142968,430.0001333670243
6,an743_mesh,250.0,245.98037593715614,430.000202151591
7,an743_mesh,250.0,286.9771052600155,430.00016910650845
8,an743_mesh,250.0,327.9738345828749,430.00020277095655
9,an743_mesh,250.0,368.97056390573425,430.00018373294654
10,an743_mesh,250.0,409.96729322859363,430.00019892015183
11,an743_mesh,250.0,450.964022551453,430.0001874930672
12,an743_mesh,250.0,491.9607518743124,430.00019334834235
13,an743_mesh,250.0,532.9574811971718,430.00018612034967
14,an743_mesh,250.0,573.9542105200311,430.00018731140676
15,an743_mesh,250.0,614.9509398428905,430.0001820037786
16,an743_mesh,250.0,655.9476691657499,430.00017927162077
17,an743_mesh,250.0,696.9443984886093,430.0001700137858
18,an743_mesh,250.0,737.9411278114686,430.0001520803468
19,an743_mesh,250.0,778.937857134328,430.0001098889077
20,an743_mesh,250.0,819.9345864571874,430.0000189233598
21,an743_mesh,250.0,860.9313157800468,429.99983398494567
22,an743_mesh,250.0,901.9280451029061,429.9994813869971
23,an743_mesh,250.0,942.9247744257656,429.99885064924354
24,an743_mesh,250.0,983.921503748625,429.99778118450104
25,an743_mesh,250.0,1024.9182330714843,429.9960571107069
26,an743_mesh,250.0,1065.9149623943438,429.9933940312676
27,an743_mesh,250.0,1106.911691717203,429.9894381040615
28,an743_mesh,250.0,1147.9084210400622,429.98375646884915
29,an743_mesh,250.0,1188.9051503629214,429.9758411570016
30,an743_mesh,250.0,1229.9018796857808,429.96510451638676
31,an743_mesh,250.0,1270.89860900864,429.95088748608157
32,an743_mesh,250.0,1311.8953383314993,429.9324597245483
33,an743_mesh,250.0,1352.8920676543585,429.9090310191484
34,an743_mesh,250.0,1393.888796977218,429.87975494388354
35,an743_mesh,250.0,1434.8855263000771,429.84374191071663
36,an743_mesh,250.0,1475.8822556229363,429.8000649311102
37,an743_mesh,250.0,1516.8789849457955,429.74777293185156
38,an743_mesh,250.0,1557.875714268655,429.68589732766327
39,an743_mesh,250.0,1598.8724435915142,429.6134645376461
40,an743_mesh,250.0,1639.8691729143734,429.5295023822598
41,an743_mesh,250.0,1680.8659022372326,429.4330511022838
42,an743_mesh,250.0,1721.8626315600918,429.32316893221434
43,an743_mesh,250.0,1762.8593608829513,429.19894125523456
44,an743_mesh,250.0,1803.8560902058105,429.0594850024145
45,an743_mesh,250.0,1844.8528195286697,428.9039558367492
46,an743_mesh,250.0,1885.8495488515289,428.7315512552093
47,an743_mesh,250.0,1926.8462781743883,428.54151587567173
48,an743_mesh,250.0,1967.8430074972475,428.3331432749491
49,an743_mesh,250.0,2008.8397368201067,428.10577956361305
50,an743_mesh,250.0,2049.836466142966,427.85882408814206
51,an743_mesh,250.0,2090.833195465825,427.59173153542656
52,an743_mesh,250.0,2131.8299247886844,427.30401167556874
53,an743_mesh,250.0,2172.826654111544,426.9952302558803
54,an743_mesh,250.0,2213.8233834344032,426.6650079766093
55,an743_mesh,250.0,2254.8201127572625,426.31302042693187
56,an743_mesh,250.0,2295.8168420801217,425.9389964806028
57,an743_mesh,250.0,2336.813571402981,425.5427175042222
58,an743_mesh,250.0,2377.81030072584,425.1240153423486
59,an743_mesh,250.0,2418.8070300486993,424.68277099869283
60,an743_mesh,250.0,2459.8037593715585,424.218912356848
61,an743_mesh,250.0,2500.8004886944177,423.73241250308274
62,an743_mesh,250.0,2541.7972180172774,423.22328730368685
63,an743_mesh,250.0,2582.7939473401366,422.6915935068728
64,an743_mesh,250.0,2623.790676662996,422.1374262733667
65,an743_mesh,250.0,2664.787405985855,421.560917166401
66,an743_mesh,250.0,2705.784135308714,420.96223171003084
67,an743_mesh,250.0,2746.7808646315734,420.34156735117205
68,an743_mesh,250.0,2787.7775939544326,419.69915110087334
69,an743_mesh,250.0,2828.774323277292,419.03523753109675
70,an743_mesh,250.0,2869.771052600151,418.3501065379968
71,an743_mesh,250.0,2910.7677819230107,417.64406141855375
72,an743_mesh,250.0,2951.76451124587,416.9174267816967
73,an743_mesh,250.0,2992.761240568729,416.1705467356695
74,an743_mesh,250.0,3033.7579698915883,415.40378296231495
75,an743_mesh,250.0,3074.7546992144476,414.61751303477877
76,an743_mesh,250.0,3115.7514285373068,413.81212866209665
77,an743_mesh,250.0,3156.748157860166,412.98803414809646
78,an743_mesh,250.0,3197.744887183025,412.1456448072398
79,an743_mesh,250.0,3238.741616505885,411.2853855689392
80,an743_mesh,250.0,3279.738345828744,410.4076895610587
81,an743_mesh,250.0,3320.7350751516033,409.51299685894605
82,an743_mesh,250.0,3361.7318044744625,408.6017532297793
83,an743_mesh,250.0,3402.7285337973217,407.67440902207534
84,an743_mesh,250.0,3443.725263120181,406.73141806190745
85,an743_mesh,250.0,3484.72199244304,405.77323667621863
86,an743_mesh,250.0,3525.7187217658993,404.8003227305926
87,an743_mesh,250.0,3566.7154510887585,403.8131347781158
88,an743_mesh,250.0,3607.712180411618,402.8121312276794
89,an743_mesh,250.0,3648.7089097344774,401.79776960920657
90,an743_mesh,250.0,3689.7056390573366,400.77050586122164
91,an743_mesh,250.0,3730.702368380196,399.73079370283256
92,an743_mesh,250.0,3771.699097703055,398.6790840294119
93,an743_mesh,250.0,3812.6958270259142,397.61582438165533
94,an743_mesh,250.0,3853.6925563487735,396.5414584385745
95,an743_mesh,250.0,3894.6892856716327,395.45642557414635
96,an743_mesh,250.0,3935.686014994492,394.36116043734154
97,an743_mesh,250.0,3976.6827443173515,393.2560925872569
98,an743_mesh,250.0,4017.6794736402107,392.141646150529
99,an743_mesh,250.0,4058.67620296307,391.0182395263404
100,an743_mesh,250.0,4099.672932285929,389.8862851122585
101,an743_mesh,250.0,4140.669661608788,388.7461890710746
102,an743_mesh,250.0,4181.666390931648,387.59835111682344
103,an743_mesh,250.0,4222.663120254507,386.4431643360247
104,an743_mesh,250.0,4263.659849577366,385.2810150263511
105,an743_mesh,250.0,4304.656578900225,384.11228256546525
106,an743_mesh,250.0,4345.653308223084,382.937339295502
107,an743_mesh,250.0,4386.650037545944,381.75655043330596
108,an743_mesh,250.0,4427.646766868803,380.57027399456456
109,an743_mesh,250.0,4468.643496191662,379.3788607398444
110,an743_mesh,250.0,4509.640225514522,378.1826541328441
111,an743_mesh,250.0,4550.636954837381,376.9819903171922
112,an743_mesh,250.0,4591.633684160241,375.77719810387714
113,an743_mesh,250.0,4632.6304134831,374.5685989743016
114,an743_mesh,250.0,4673.627142805959,373.3565070924921
115,an743_mesh,250.0,4714.623872128818,372.14122933039675
116,an743_mesh,250.0,4755.620601451677,370.9230653009778
117,an743_mesh,250.0,4796.617330774537,369.7023074021937
118,an743_mesh,250.0,4837.614060097396,368.4792408675343
119,an743_mesh,250.0,4878.610789420255,367.2541438255432
120,an743_mesh,250.0,4919.607518743114,366.0272873647701
121,an743_mesh,250.0,4960.6042480659735,364.79893560606445
122,an743_mesh,250.0,5001.600977388833,363.5693457792946
123,an743_mesh,250.0,5042.597706711692,362.3387683059864
124,an743_mesh,250.0,5083.594436034551,361.1074468854912
125,an743_mesh,250.0,5124.59116535741,359.8756185858513
126,an743_mesh,250.0,5165.5878946802695,358.64351393740105
127,an743_mesh,250.0,5206.58462400313,357.41135703001464
128,an743_mesh,250.0,5247.581353325989,356.1793656123924
129,an743_mesh,250.0,5288.578082648848,354.9477511940928
130,an743_mesh,250.0,5329.574811971707,353.71671914899514
131,an743_mesh,250.0,5370.5715412945665,352.4864688207363
132,an743_mesh,250.0,5411.568270617426,351.25719362905045
133,an743_mesh,250.0,5452.564999940285,350.0290811774281
134,an743_mesh,250.0,5493.561729263144,348.80231336121966
135,an743_mesh,250.0,5534.558458586003,347.57706647650474
136,an743_mesh,250.0,5575.5551879088625,346.3535113290128
137,an743_mesh,250.0,5616.551917231722,345.1318133433426
138,an743_mesh,250.0,5657.548646554581,343.91213267189755
139,an743_mesh,250.0,5698.54537587744,342.69462430372823
140,an743_mesh,250.0,5739.542105200299,341.47943817280884
141,an743_mesh,250.0,5780.538834523159,340.2667192658924
142,an743_mesh,250.0,5821.535563846018,339.0566077295651
143,an743_mesh,250.0,5862.532293168877,337.8492389766087
144,an743_mesh,250.0,5903.529022491737,336.6447437913654
145,an743_mesh,250.0,5944.525751814596,335.4432484341909
146,an743_mesh,250.0,5985.5224811374555,334.2448747447496
147,an743_mesh,250.0,6026.519210460315,333.0497402442187
148,an743_mesh,250.0,6067.515939783174,331.8579582362059
149,an743_mesh,250.0,6108.512669106033,330.66963790643507
150,an743_mesh,250.0,6149.509398428892,329.48488442104156
151,an743_mesh,250.0,6190.506127751752,328.303799023528
152,an743_mesh,250.0,6231.502857074611,327.126479130249
153,an743_mesh,250.0,6272.49958639747,325.95301842447424
154,an743_mesh,250.0,6313.496315720329,324.7835069489243
155,an743_mesh,250.0,6354.493045043188,323.61803119682116
156,an743_mesh,250.0,6395.489774366048,322.45667420137517
157,an743_mesh,250.0,6436.486503688907,321.29951562374373
158,an743_mesh,250.0,6477.483233011766,320.14663183940326
159,an743_mesh,250.0,6518.479962334625,318.9980960229676
160,an743_mesh,250.0,6559.4766916574845,317.85397823141045
161,an743_mesh,250.0,6600.473420980344,316.7143454857199
162,an743_mesh,250.0,6641.470150303204,315.57926185096227
163,an743_mesh,250.0,6682.466879626063,314.44878851477563
164,an743_mesh,250.0,6723.463608948922,313.32298386428243
165,an743_mesh,250.0,6764.460338271781,312.2019035614441
166,an743_mesh,250.0,6805.457067594641,311.0856006168524
167,an743_mesh,250.0,6846.4537969175,309.9741254619787
168,an743_mesh,250.0,6887.450526240359,308.86752601988854
169,an743_mesh,250.0,6928.447255563218,307.7658477744366
170,an743_mesh,250.0,6969.4439848860775,306.66913383795645
171,an743_mesh,250.0,7010.440714208937,305.57742501746304
172,an743_mesh,250.0,7051.437443531796,304.4907598793833
173,an743_mesh,250.0,7092.434172854655,303.40917481283435
174,an743_mesh,250.0,7133.430902177514,302.33270409146655
175,an743_mesh,250.0,7174.4276315003735,301.2613799338944
176,an743_mesh,250.0,7215.424360823233,300.1952325627303
177,an743_mesh,250.0,7256.421090146092,299.1342902622495
178,an743_mesh,250.0,7297.417819468951,298.0785794346972
179,an743_mesh,250.0,7338.414548791811,297.02812465527165
180,an743_mesh,250.0,7379.4112781146705,295.98294872579356
181,an743_mesh,250.0,7420.40800743753,294.9430727270931
182,an743_mesh,250.0,7461.404736760389,293.90851607013025
183,an743_mesh,250.0,7502.401466083248,292.8792965458766
184,an743_mesh,250.0,7543.398195406107,291.85543037397554
185,an743_mesh,250.0,7584.3949247289665,290.8369322502099
186,an743_mesh,250.0,7625.391654051826,289.8238153927923
187,an743_mesh,250.0,7666.388383374685,288.8160915875091
188,an743_mesh,250.0,7707.385112697544,287.8137712317325
189,an743_mesh,250.0,7748.381842020403,286.81686337733
190,an743_mesh,250.0,7789.378571343263,285.8253757724889
191,an743_mesh,250.0,7830.375300666122,284.83931490248034
192,an743_mesh,250.0,7871.372029988981,283.8586860293851
193,an743_mesh,250.0,7912.36875931184,282.8834932308013
194,an743_mesh,250.0,7953.365488634699,281.9137394375571
195,an743_mesh,250.0,7994.362217957559,280.9494264704507
196,an743_mesh,250.0,8035.358947280419,279.99055507603464
197,an743_mesh,250.0,8076.355676603278,279.0371249614718
198,an743_mesh,250.0,8117.352405926137,278.089134828478
199,an743_mesh,250.0,8158.349135248996,277.1465824063739
200,an743_mesh,250.0,8199.345864571855,276.2094644842675
201,an743_mesh,250.0,8240.342593894715,275.27777694238426
202,an743_mesh,250.0,8281.339323217573,274.35151478256745
203,an743_mesh,250.0,8322.336052540433,273.43067215796407
204,an743_mesh,250.0,8363.332781863292,272.515242401921
205,an743_mesh,250.0,8404.329511186152,271.6052180561016
206,an743_mesh,250.0,8445.326240509012,270.70059089785127
207,an743_mesh,250.0,8486.32296983187,269.8013519668194
208,an743_mesh,250.0,8527.31969915473,268.90749159086454
209,an743_mesh,250.0,8568.316428477588,268.0189994112527
210,an743_mesh,250.0,8609.313157800449,267.13586440717114
211,an743_mesh,250.0,8650.309887123307,266.25807491957136
212,an743_mesh,250.0,8691.306616446167,265.38561867435715
213,an743_mesh,250.0,8732.303345769025,264.5184828049379
214,an743_mesh,250.0,8773.300075091885,263.65665387415544
215,an743_mesh,250.0,8814.296804414746,262.800117895609
216,an743_mesh,250.0,8855.293533737606,261.94886035438435
217,an743_mesh,250.0,8896.290263060466,261.10286622720827
218,an743_mesh,250.0,8937.286992383328,260.26212000204004
219,an743_mesh,250.0,8978.283721706188,259.4266056971134
220,an743_mesh,250.0,9019.280451029048,258.5963068794459
221,an743_mesh,250.0,9060.277180351908,257.7712066828242
222,an743_mesh,250.0,9101.273909674768,256.95128782528485
223,an743_mesh,250.0,9142.270638997628,256.1365326260968
224,an743_mesh,250.0,9183.267368320488,255.32692302226346
225,an743_mesh,250.0,9224.264097643349,254.52244058455443
226,an743_mesh,250.0,9265.260826966209,253.72306653307797
227,an743_mesh,250.0,9306.257556289069,252.92878175240918
228,an743_mesh,250.0,9347.254285611929,252.13956680628144
229,an743_mesh,250.0,9388.251014934789,251.35540195185612
230,an743_mesh,250.0,9429.24774425765,250.57626715357833
231,an743_mesh,250.0,9470.24447358051,249.80214209663234
232,an743_mesh,250.0,9511.24120290337,249.033006200004
233,an743_mesh,250.0,9552.23793222623,248.26883862916407
234,an743_mesh,250.0,9593.234661549091,247.50961830837812
235,an743_mesh,250.0,9634.231390871952,246.75532393265792
236,an743_mesh,250.0,9675.228120194812,246.00593397935793
237,an743_mesh,250.0,9716.224849517672,245.26142671943217
238,an743_mesh,250.0,9757.221578840532,244.52178022835466
239,an743_mesh,250.0,9798.218308163392,243.78697239671823
240,an743_mesh,250.0,9839.215037486252,243.05698094051462
241,an743_mesh,250.0,9880.211766809112,242.33178341110846
242,an743_mesh,250.0,9921.208496131972,241.6113572049114
243,an743_mesh,250.0,9962.205225454833,240.89567957276466
244,an743_mesh,250.0,10003.201954777693,240.18472762903804
245,an743_mesh,250.0,10044.198684100553,239.47847836045287
246,an743_mesh,250.0,10085.195413423413,238.7769086346359
247,an743_mesh,250.0,10126.192142746273,238.07999520841298
248,an743_mesh,250.0,10167.188872069133,237.38771473584643
249,an743_mesh,250.0,10208.185601391993,236.70004377602675
250,an743_mesh,250.0,10249.182330714855,236.01695880062215
251,an743_mesh,250.0,10290.179060037715,235.33843620119455
252,an743_mesh,250.0,10331.175789360575,234.66445229628752
253,an743_mesh,250.0,10372.172518683436,233.99498333829166
254,an743_mesh,250.0,10413.169248006296,233.33000552009605
255,an743_mesh,250.0,10454.165977329156,232.669494981527
256,an743_mesh,250.0,10495.162706652016,232.01342781558643
257,an743_mesh,250.0,10536.159435974876,231.3617800744875
258,an743_mesh,250.0,10577.156165297736,230.71452777550124
259,an743_mesh,250.0,10618.152894620596,230.07164690661168
260,an743_mesh,250.0,10659.149623943456,229.43311343199142
261,an743_mesh,250.0,10700.146353266317,228.79890329729722
262,an743_mesh,250.0,10741.143082589177,228.1689924347949
263,an743_mesh,250.0,10782.139811912037,227.5433567683138
264,an743_mesh,250.0,10823.136541234897,226.92197221804076
265,an743_mesh,250.0,10864.133270557757,226.30481470515332
266,an743_mesh,250.0,10905.129999880617,225.69186015629856
267,an743_mesh,250.0,10946.126729203479,225.0830845079235
268,an743_mesh,250.0,10987.12345852634,224.47846371045733
269,an743_mesh,250.0,11028.1201878492,223.87797373235412
270,an743_mesh,250.0,11069.11691717206,223.28159056399488
271,an743_mesh,250.0,11110.11364649492,222.68929022145844
272,an743_mesh,250.0,11151.11037581778,222.10104875015986
273,an743_mesh,250.0,11192.10710514064,221.5168422283635
274,an743_mesh,250.0,11233.1038344635,220.936646770572
275,an743_mesh,250.0,11274.10056378636,220.36043853079644
276,an743_mesh,250.0,11315.09729310922,219.78819370571034
277,an743_mesh,250.0,11356.09402243208,219.21988853768914
278,an743_mesh,250.0,11397.09075175494,218.65549931774206
279,an743_mesh,250.0,11438.0874810778,218.09500238833596
280,an743_mesh,250.0,11479.08421040066,217.5383741461156
281,an743_mesh,250.0,11520.08093972352,216.98559104452352
282,an743_mesh,250.0,11561.07766904638,216.4366295963224
283,an743_mesh,250.0,11602.074398369243,215.89146637602107
284,an743_mesh,250.0,11643.071127692103,215.35007802220994
285,an743_mesh,250.0,11684.067857014963,214.81244123980537
286,an743_mesh,250.0,11725.064586337823,214.27853280220737
287,an743_mesh,250.0,11766.061315660683,213.74832955337286
288,an743_mesh,250.0,11807.058044983543,213.22180840980656
289,an743_mesh,250.0,11848.054774306403,212.69894636247182
290,an743_mesh,250.0,11889.051503629264,212.17972047862457
291,an743_mesh,250.0,11930.048232952124,211.66410790357116
292,an743_mesh,250.0,11971.044962274984,211.1520858623538
293,an743_mesh,250.0,12012.041691597844,210.64363166136474
294,an743_mesh,250.0,12053.038420920704,210.13872268989147
295,an743_mesh,250.0,12094.035150243564,209.63733642159497
296,an743_mesh,250.0,12135.031879566424,209.13945041592382
297,an743_mesh,250.0,12176.028608889284,208.64504231946353
298,an743_mesh,250.0,12217.025338212145,208.15408986722724
299,an743_mesh,250.0,12258.022067535005,207.6665708838836
300,an743_mesh,250.0,12299.018796857867,207.18246328493132
301,an743_mesh,250.0,12340.015526180727,206.70174507781311
302,an743_mesh,250.0,12381.012255503587,206.2243943629798
303,an743_mesh,250.0,12422.008984826447,205.75038933489753
304,an743_mesh,250.0,12463.005714149307,205.27970828300852
305,an743_mesh,250.0,12504.002443472167,204.8123295926369
306,an743_mesh,250.0,12544.999172795027,204.34823174585193
307,an743_mesh,250.0,12585.995902117887,203.8873933222797
308,an743_mesh,250.0,12626.992631440748,203.4297929998741
309,an743_mesh,250.0,12667.989360763608,202.9754095556392
310,an743_mesh,250.0,12708.986090086468,202.52422186631367
311,an743_mesh,250.0,12749.982819409328,202.07620890901063
312,an743_mesh,250.0,12790.979548732188,201.63134976181902
313,an743_mesh,250.0,12831.976278055048,201.1896236043659
314,an743_mesh,250.0,12872.973007377908,200.75100971834095
315,an743_mesh,250.0,12913.969736700768,200.31548748798494
316,an743_mesh,250.0,12954.96646602363,199.88303640054266
317,an743_mesh,250.0,12995.96319534649,199.45363604668137
318,an743_mesh,250.0,13036.95992466935,199.0272661208766
319,an743_mesh,250.0,13077.95665399221,198.60390642176566
320,an743_mesh,250.0,13118.95338331507,198.18353685246976
321,an743_mesh,250.0,13159.950112637931,197.76613742088628
322,an743_mesh,250.0,13200.946841960791,197.35168823995207
323,an743_mesh,250.0,13241.943571283651,196.94016952787734
324,an743_mesh,250.0,13282.940300606511,196.5315616083543
325,an743_mesh,250.0,13323.937029929371,196.12584491073682
326,an743_mesh,250.0,13364.933759252232,195.7229999701965
327,an743_mesh,250.0,13405.930488575092,195.3230074278524
328,an743_mesh,250.0,13446.927217897952,194.9258480308782
329,an743_mesh,250.0,13487.923947220812,194.53150263258456
330,an743_mesh,250.0,13528.920676543672,194.13995219248045
331,an743_mesh,250.0,13569.917405866532,193.75117777631155
332,an743_mesh,250.0,13610.914135189392,193.36516055607842
333,an743_mesh,250.0,13651.910864512254,192.98188181003394
334,an743_mesh,250.0,13692.907593835114,192.60132292266135
335,an743_mesh,250.0,13733.904323157974,192.22346538463322
336,an743_mesh,250.0,13774.901052480835,191.84829079275136
337,an743_mesh,250.0,13815.897781803695,191.47578084987063
338,an743_mesh,250.0,13856.894511126555,191.10591736480382
339,an743_mesh,250.0,13897.891240449415,190.73868225221113
340,an743_mesh,250.0,13938.887969772275,190.37405753247327
341,an743_mesh,250.0,13979.884699095135,190.01202533154913
342,an743_mesh,250.0,14020.881428417995,189.6525678808188
343,an743_mesh,250.0,14061.878157740855,189.29566751691164
344,an743_mesh,250.0,14102.874887063716,188.94130668152158
345,an743_mesh,250.0,14143.871616386576,188.58946792120776
346,an743_mesh,250.0,14184.868345709436,188.2401338871834
347,an743_mesh,250.0,14225.865075032296,187.8932873350914
348,an743_mesh,250.0,14266.861804355156,187.54891112476878
349,an743_mesh,250.0,14307.858533678018,187.206988219999
350,an743_mesh,250.0,14348.855263000878,186.86750168825324
351,an743_mesh,250.0,14389.851992323738,186.53043470042164
352,an743_mesh,250.0,14430.848721646598,186.19577053053314
353,an743_mesh,250.0,14471.845450969458,185.8634925554667
354,an743_mesh,250.0,14512.842180292319,185.53358425465206
355,an743_mesh,250.0,14553.838909615179,185.20602920976188
356,an743_mesh,250.0,14594.835638938039,184.8808111043951
357,an743_mesh,250.0,14635.832368260899,184.5579137237513
358,an743_mesh,250.0,14676.829097583759,184.2373209542979
359,an743_mesh,250.0,14717.82582690662,183.91901678342902
360,an743_mesh,250.0,14758.82255622948,183.60298529911685
361,an743_mesh,250.0,14799.81928555234,183.28921068955643
362,an743_mesh,250.0,14840.8160148752,182.97767724280294
363,an743_mesh,250.0,14881.81274419806,182.66836934640284
364,an743_mesh,250.0,14922.80947352092,182.36127148701922
365,an743_mesh,250.0,14963.806202843782,182.05636825004945
366,an743_mesh,250.0,15004.802932166642,181.75364431924027
367,an743_mesh,250.0,15045.799661489502,181.45308447629333
368,an743_mesh,250.0,15086.796390812362,181.15467360046995
369,an743_mesh,250.0,15127.793120135222,180.85839666818674
370,an743_mesh,250.0,15168.789849458082,180.5642387526101
371,an743_mesh,250.0,15209.786578780942,180.27218502324354
372,an743_mesh,250.0,15250.783308103802,179.9822207455127
373,an743_mesh,250.0,15291.780037426663,179.69433128034487
374,an743_mesh,250.0,15332.776766749523,179.40850208374576
375,an743_mesh,250.0,15373.773496072383,179.12471870637194
376,an743_mesh,250.0,15414.770225395243,178.84296679310026
377,an743_mesh,250.0,15455.766954718103,178.56323208259397
378,an743_mesh,250.0,15496.763684040963,178.28550040686565
379,an743_mesh,250.0,15537.760413363823,178.00975769083723
380,an743_mesh,250.0,15578.757142686683,177.7359899518978
381,an743_mesh,250.0,15619.753872009544,177.46418329945843
382,an743_mesh,250.0,15660.750601332405,177.19432393450458
383,an743_mesh,250.0,15701.747330655266,176.92639814914682
384,an743_mesh,250.0,15742.744059978126,176.66039232616893
385,an743_mesh,250.0,15783.740789300986,176.39629293857482
386,an743_mesh,250.0,15824.737518623846,176.1340865491325
387,an743_mesh,250.0,15865.734247946706,175.87375980991828
388,an743_mesh,250.0,15906.730977269566,175.61529946185738
389,an743_mesh,250.0,15947.727706592426,175.3586923342653
390,an743_mesh,250.0,15988.724435915286,175.10392534438597
391,an743_mesh,250.0,16029.721165238147,174.85098549693078
392,an743_mesh,250.0,16070.717894561007,174.59985988361493
393,an743_mesh,250.0,16111.714623883867,174.35053568269402
394,an743_mesh,250.0,16152.711353206727,174.10300015849978
395,an743_mesh,250.0,16193.708082529587,173.8572406609745
396,an743_mesh,250.0,16234.704811852447,173.61324462520605
397,an743_mesh,250.0,16275.701541175307,173.37099957096115
398,an743_mesh,250.0,16316.69827049817,173.13049310221973
399,an743_mesh,250.0,16357.69499982103,172.891712906708
400,an743_mesh,250.0,16398.691729143888,172.65464675543174
401,an743_mesh,250.0,16439.68845846675,172.41928250221002
402,an743_mesh,250.0,16480.685187789608,172.1856080832079
403,an743_mesh,250.0,16521.68191711247,171.95361151647057
404,an743_mesh,250.0,16562.678646435328,171.72328090145655
405,an743_mesh,250.0,16603.67537575819,171.49460441857195
406,an743_mesh,250.0,16644.672105081052,171.26757032870486
407,an743_mesh,250.0,16685.66883440391,171.0421669727598
408,an743_mesh,250.0,16726.665563726772,170.8183827711935
409,an743_mesh,250.0,16767.66229304963,170.59620622355038
410,an743_mesh,250.0,16808.659022372492,170.37562590799962
411,an743_mesh,250.0,16849.65575169535,170.15663048087168
412,an743_mesh,250.0,16890.652481018213,169.93920867619698
413,an743_mesh,250.0,16931.64921034107,169.7233493052446
414,an743_mesh,250.0,16972.645939663933,169.5090412560616
415,an743_mesh,250.0,17013.64266898679,169.29627349301435
416,an743_mesh,250.0,17054.639398309653,169.0850350563297
417,an743_mesh,250.0,17095.63612763251,168.87531506163793
418,an743_mesh,250.0,17136.632856955373,168.66710269951682
419,an743_mesh,250.0,17177.62958627823,168.46038723503597
420,an743_mesh,250.0,17218.626315601094,168.25515800730366
421,an743_mesh,250.0,17259.623044923952,168.0514044290136
422,an743_mesh,250.0,17300.619774246814,167.84911598599433
423,an743_mesh,250.0,17341.616503569676,167.64828223675843
424,an743_mesh,250.0,17382.613232892534,167.44889281205448
425,an743_mesh,250.0,17423.609962215396,167.2509374144193
426,an743_mesh,250.0,17464.606691538254,167.05440581773274
427,an743_mesh,250.0,17505.603420861113,166.85928786677235
428,an743_mesh,250.0,17546.60015018397,166.6655734767716
429,an743_mesh,250.0,17587.59687950683,166.47325263297765
430,an743_mesh,250.0,17628.593608829688,166.28231539021215
431,an743_mesh,250.0,17669.590338152546,166.09275187243242
432,an743_mesh,250.0,17710.587067475404,165.90455227229563
433,an743_mesh,250.0,17751.583796798262,165.7177068507232
434,an743_mesh,250.0,17792.58052612112,165.53220593646785
435,an743_mesh,250.0,17833.57725544398,165.34803992568192
436,an743_mesh,250.0,17874.573984766837,165.16519928148756
437,an743_mesh,250.0,17915.570714089696,164.9836745335485
438,an743_mesh,250.0,17956.567443412554,164.8034562776439
439,an743_mesh,250.0,17997.564172735412,164.62453517524324
440,an743_mesh,250.0,18038.56090205827,164.44690195308448
441,an743_mesh,250.0,18079.55763138113,164.27054740275184
442,an743_mesh,250.0,18120.554360703987,164.09546238025797
443,an743_mesh,250.0,18161.551090026845,163.92163780562547
444,an743_mesh,250.0,18202.547819349704,163.74906466247256
445,an743_mesh,250.0,18243.544548672562,163.57773399759836
446,an743_mesh,250.0,18284.54127799542,163.40763692057268
447,an743_mesh,250.0,18325.53800731828,163.2387646033248
448,an743_mesh,250.0,18366.534736641137,163.0711082797369
449,an743_mesh,250.0,18407.531465963995,162.9046592452373
450,an743_mesh,250.0,18448.528195286854,162.7394088563971
451,an743_mesh,250.0,18489.524924609712,162.57534853052783
452,an743_mesh,250.0,18530.52165393257,162.4124697452818
453,an743_mesh,250.0,18571.51838325543,162.25076403825355
454,an743_mesh,250.0,18612.515112578287,162.0902230065844
455,an743_mesh,250.0,18653.511841901145,161.93083830656778
456,an743_mesh,250.0,18694.508571224003,161.77260165325765
457,an743_mesh,250.0,18735.50530054686,161.615504820078
458,an743_mesh,250.0,18776.50202986972,161.45953963843522
459,an743_mesh,250.0,18817.49875919258,161.3046979973316
460,an743_mesh,250.0,18858.495488515437,161.15097184298145
461,an743_mesh,250.0,18899.492217838295,160.99835317842934
462,an743_mesh,250.0,18940.488947161153,160.84683406316972
463,an743_mesh,250.0,18981.48567648401,160.69640661276904
464,an743_mesh,250.0,19022.48240580687,160.54706299849013
465,an743_mesh,250.0,19063.479135129728,160.39879544691797
466,an743_mesh,250.0,19104.475864452586,160.25159623958763
467,an743_mesh,250.0,19145.472593775445,160.10545771261516
468,an743_mesh,250.0,19186.469323098303,159.9603722563289
469,an743_mesh,250.0,19227.46605242116,159.81633231490449
470,an743_mesh,250.0,19268.46278174402,159.67333038600077
471,an743_mesh,250.0,19309.459511066878,159.53135902039804
472,an743_mesh,250.0,19350.456240389736,159.39041082163868
473,an743_mesh,250.0,19391.452969712594,159.25047844566933
474,an743_mesh,250.0,19432.449699035453,159.11155460048542
475,an743_mesh,250.0,19473.44642835831,158.97363204577758
476,an743_mesh,250.0,19514.44315768117,158.8367035925801
477,an743_mesh,250.0,19555.439887004024,158.70076210292177
478,an743_mesh,250.0,19596.436616326882,158.56580048947785
479,an743_mesh,250.0,19637.43334564974,158.43181171522522
480,an743_mesh,250.0,19678.4300749726,158.2987887930987
481,an743_mesh,250.0,19719.426804295457,158.16672478564954
482,an743_mesh,250.0,19760.423533618316,158.0356128047065
483,an743_mesh,250.0,19801.420262941174,157.90544601103807
484,an743_mesh,250.0,19842.416992264032,157.77621761401718
485,an743_mesh,250.0,19883.41372158689,157.64792087128825
486,an743_mesh,250.0,19924.41045090975,157.52054908843516
487,an743_mesh,250.0,19965.407180232607,157.39409561865256
488,an743_mesh,250.0,20006.403909555465,157.26855386241823
489,an743_mesh,250.0,20047.400638878324,157.14391726716747
490,an743_mesh,250.0,20088.397368201182,157.02017932697012
491,an743_mesh,250.0,20129.39409752404,156.897333582209
492,an743_mesh,250.0,20170.3908268469,156.7753736192601
493,an743_mesh,250.0,20211.387556169757,156.65429307017587
494,an743_mesh,250.0,20252.384285492615,156.53408561236859
495,an743_mesh,250.0,20293.381014815473,156.41474496829787
496,an743_mesh,250.0,20334.37774413833,156.29626490515815
497,an743_mesh,250.0,20375.37447346119,156.17863923456963
498,an743_mesh,250.0,20416.37120278405,156.0618618122701
499,an743_mesh,250.0,20457.367932106907,155.94592653780896
500,an743_mesh,250.0,20498.364661429765,155.83082735424395
501,an743_mesh,250.0,20539.361390752623,155.7165582478382
502,an743_mesh,250.0,20580.35812007548,155.60311324776097
503,an743_mesh,250.0,20621.35484939834,155.49048642578873
504,an743_mesh,250.0,20662.351578721198,155.37867189600934
505,an743_mesh,250.0,20703.348308044056,155.26766381452705
506,an743_mesh,250.0,20744.345037366915,155.15745637917064
507,an743_mesh,250.0,20785.341766689773,155.04804382920184
508,an743_mesh,250.0,20826.33849601263,154.9394204450272
509,an743_mesh,250.0,20867.33522533549,154.83158054791062
510,an743_mesh,250.0,20908.331954658348,154.72451849968843
511,an743_mesh,250.0,20949.328683981206,154.61822870248577
512,an743_mesh,250.0,20990.325413304065,154.5127055984355
513,an743_mesh,250.0,21031.322142626923,154.40794366939815
514,an743_mesh,250.0,21072.31887194978,154.30393743668415
515,an743_mesh,250.0,21113.31560127264,154.20068146077764
516,an743_mesh,250.0,21154.312330595498,154.09817034106266
517,an743_mesh,250.0,21195.309059918356,153.9963987155499
518,an743_mesh,250.0,21236.305789241214,153.89536126060662
519,an743_mesh,250.0,21277.302518564073,153.79505269068724
520,an743_mesh,250.0,21318.29924788693,153.6954677580667
521,an743_mesh,250.0,21359.29597720979,153.59660125257435
522,an743_mesh,250.0,21400.292706532648,153.49844800133067
523,an743_mesh,250.0,21441.289435855506,153.4010028684853
524,an743_mesh,250.0,21482.286165178364,153.30426075495672
525,an743_mesh,250.0,21523.282894501222,153.20821659817358
526,an743_mesh,250.0,21564.27962382408,153.11286537181826
527,an743_mesh,250.0,21605.27635314694,153.0182020855714
528,an743_mesh,250.0,21646.273082469797,152.92422178485884
529,an743_mesh,250.0,21687.269811792656,152.8309195505994
530,an743_mesh,250.0,21728.266541115514,152.73829049895534
531,an743_mesh,250.0,21769.263270438372,152.6463297810837
532,an743_mesh,250.0,21810.25999976123,152.55503258288948
533,an743_mesh,250.0,21851.25672908409,152.46439412478077
534,an743_mesh,250.0,21892.253458406947,152.3744096614252
535,an743_mesh,250.0,21933.250187729805,152.28507448150816
536,an743_mesh,250.0,21974.246917052664,152.19638390749247
537,an743_mesh,250.0,22015.243646375522,152.10833329537994
538,an743_mesh,250.0,22056.24037569838,152.02091803447445
539,an743_mesh,250.0,22097.23710502124,151.9341335471461
540,an743_mesh,250.0,22138.233834344097,151.84797528859838
541,an743_mesh,250.0,22179.230563666955,151.7624387466346
542,an743_mesh,250.0,22220.227292989814,151.6775194414286
543,an743_mesh,250.0,22261.224022312672,151.59321292529467
544,an743_mesh,250.0,22302.22075163553,151.5095147824605
545,an743_mesh,250.0,22343.21748095839,151.42642062884096
546,an743_mesh,250.0,22384.214210281247,151.34392611181374
547,an743_mesh,250.0,22425.210939604105,151.2620269099964
548,an743_mesh,250.0,22466.207668926963,151.18071873302483
549,an743_mesh,250.0,22507.20439824982,151.09999732133355
550,an743_mesh,250.0,22548.20112757268,151.01985844593693
551,an743_mesh,250.0,22589.19785689554,150.94029790821287
552,an743_mesh,250.0,22630.194586218397,150.86131153968626
553,an743_mesh,250.0,22671.191315541255,150.78289520181656
554,an743_mesh,250.0,22712.188044864113,150.7050447857835
555,an743_mesh,250.0,22753.18477418697,150.6277562122778
556,an743_mesh,250.0,22794.18150350983,150.55102543128976
557,an743_mesh,250.0,22835.178232832688,150.47484842190272
558,an743_mesh,250.0,22876.174962155546,150.3992211920851
559,an743_mesh,250.0,22917.171691478405,150.32413977848586
560,an743_mesh,250.0,22958.168420801263,150.24960024622982
561,an743_mesh,250.0,22999.16515012412,150.17559868871598
562,an743_mesh,250.0,23040.16187944698,150.10213122741564
563,an743_mesh,250.0,23081.158608769838,150.02919401167338
564,an743_mesh,250.0,23122.155338092696,149.95678321850775
565,an743_mesh,250.0,23163.152067415554,149.88489505241532
566,an743_mesh,250.0,23204.148796738413,149.8135257451741
567,an743_mesh,250.0,23245.14552606127,149.74267155565022
568,an743_mesh,250.0,23286.14225538413,149.67232876960384
569,an743_mesh,250.0,23327.138984706988,149.6024936994988
570,an743_mesh,250.0,23368.135714029846,149.53316268431098
571,an743_mesh,250.0,23409.132443352704,149.46433208934084
572,an743_mesh,250.0,23450.129172675563,149.3959983060243
573,an743_mesh,250.0,23491.12590199842,149.32815775174765
574,an743_mesh,250.0,23532.12263132128,149.26080686966134
575,an743_mesh,250.0,23573.119360644137,149.19394212849718
576,an743_mesh,250.0,23614.116089966996,149.1275600223853
577,an743_mesh,250.0,23655.112819289854,149.0616570706732
578,an743_mesh,250.0,23696.109548612712,148.99622981774536
579,an743_mesh,250.0,23737.10627793557,148.93127483284505
580,an743_mesh,250.0,23778.10300725843,148.86678870989672
581,an743_mesh,250.0,23819.099736581287,148.80276806732928
582,an743_mesh,250.0,23860.096465904146,148.73920954790208
583,an743_mesh,250.0,23901.093195227004,148.6761098185298
584,an743_mesh,250.0,23942.089924549862,148.61346557011143
585,an743_mesh,250.0,23983.08665387272,148.5512735173575
586,an743_mesh,250.0,24024.08338319558,148.4895303986209
587,an743_mesh,250.0,24065.080112518437,148.4282329757272
588,an743_mesh,250.0,24106.076841841295,148.36737803380754
589,an743_mesh,250.0,24147.073571164154,148.30696238113148
590,an743_mesh,250.0,24188.070300487012,148.24698284894157
591,an743_mesh,250.0,24229.06702980987,148.18743629128966
592,an743_mesh,250.0,24270.06375913273,148.12831958487283
593,an743_mesh,250.0,24311.060488455587,148.06962962887226
594,an743_mesh,250.0,24352.057217778445,148.01136334479176
595,an743_mesh,250.0,24393.053947101303,147.95351767629842
596,an743_mesh,250.0,24434.05067642416,147.89608958906376
597,an743_mesh,250.0,24475.04740574702,147.83907607060644
598,an743_mesh,250.0,24516.04413506988,147.78247413013557
599,an743_mesh,250.0,24557.040864392737,147.726280798396
600,an743_mesh,250.0,24598.037593715595,147.67049312751323
601,an743_mesh,250.0,24639.034323038453,147.61510819084128
602,an743_mesh,250.0,24680.03105236131,147.56012308280992
603,an743_mesh,250.0,24721.02778168417,147.50553491877398
604,an743_mesh,250.0,24762.02451100703,147.4513408348637
605,an743_mesh,250.0,24803.021240329886,147.3975379878354
606,an743_mesh,250.0,24844.017969652745,147.34412355492395
607,an743_mesh,250.0,24885.014698975603,147.29109473369613
608,an743_mesh,250.0,24926.01142829846,147.23844874190465
609,an743_mesh,250.0,24967.00815762132,147.1861828173437
610,an743_mesh,250.0,25008.004886944178,147.13429421770513
611,an743_mesh,250.0,25049.001616267036,147.08278022043586
612,an743_mesh,250.0,25089.998345589895,147.03163812259632
613,an743_mesh,250.0,25130.995074912753,146.98086524071948
614,an743_mesh,250.0,25171.99180423561,146.93045891067183
615,an743_mesh,250.0,25212.98853355847,146.88041648751388
616,an743_mesh,250.0,25253.985262881328,146.83073534536345
617,an743_mesh,250.0,25294.981992204186,146.78141287725788
618,an743_mesh,250.0,25335.978721527044,146.73244649501947
619,an743_mesh,250.0,25376.975450849903,146.6838336291196
620,an743_mesh,250.0,25417.97218017276,146.63557172854576
621,an743_mesh,250.0,25458.96890949562,146.58765826066804
622,an743_mesh,250.0,25499.965638818478,146.5400907111078
623,an743_mesh,250.0,25540.962368141336,146.49286658360614
624,an743_mesh,250.0,25581.959097464194,146.4459833998942
625,an743_mesh,250.0,25622.955826787053,146.39943869956366
626,an743_mesh,250.0,25663.95255610991,146.35323003993904
627,an743_mesh,250.0,25704.94928543277,146.30735499594982
628,an743_mesh,250.0,25745.946014755627,146.2618111600044
629,an743_mesh,250.0,25786.942744078486,146.21659614186441
630,an743_mesh,250.0,25827.939473401344,146.17170756852016
631,an743_mesh,250.0,25868.936202724202,146.1271430840669
632,an743_mesh,250.0,25909.93293204706,146.08290034958176
633,an743_mesh,250.0,25950.92966136992,146.0389770430022
634,an743_mesh,250.0,25991.926390692777,145.99537085900454
635,an743_mesh,250.0,26032.923120015636,145.95207950888363
636,an743_mesh,250.0,26073.919849338494,145.90910072043377
637,an743_mesh,250.0,26114.916578661352,145.86643223783
638,an743_mesh,250.0,26155.91330798421,145.82407182151024
639,an743_mesh,250.0,26196.91003730707,145.78201724805874
640,an743_mesh,250.0,26237.906766629927,145.74026631008968
641,an743_mesh,250.0,26278.903495952785,145.69881681613228
642,an743_mesh,250.0,26319.900225275644,145.6576665905161
643,an743_mesh,250.0,26360.896954598502,145.6168134732578
644,an743_mesh,250.0,26401.89368392136,145.57625531994802
645,an743_mesh,250.0,26442.89041324422,145.53599000163968
646,an743_mesh,250.0,26483.887142567077,145.49601540473665
647,an743_mesh,250.0,26524.883871889935,145.4563294308835
648,an743_mesh,250.0,26565.880601212793,145.41692999685586
649,an743_mesh,250.0,26606.87733053565,145.37781503445152
650,an743_mesh,250.0,26647.87405985851,145.33898249038242
651,an743_mesh,250.0,26688.87078918137,145.30043032616757
652,an743_mesh,250.0,26729.867518504227,145.2621565180265
653,an743_mesh,250.0,26770.864247827085,145.22415905677317
654,an743_mesh,250.0,26811.860977149943,145.18643594771154
655,an743_mesh,250.0,26852.8577064728,145.148985210531
656,an743_mesh,250.0,26893.85443579566,145.1118048792028
657,an743_mesh,250.0,26934.851165118518,145.0748930018777
658,an743_mesh,250.0,26975.847894441376,145.03824764078354
659,an743_mesh,250.0,27016.844623764235,145.0018668721241
660,an743_mesh,250.0,27057.841353087093,144.96574878597866
661,an743_mesh,250.0,27098.83808240995,144.92989148620205
662,an743_mesh,250.0,27139.83481173281,144.8942930903255
663,an743_mesh,250.0,27180.831541055668,144.85895172945806
664,an743_mesh,250.0,27221.828270378526,144.82386554818953
665,an743_mesh,250.0,27262.824999701385,144.78903270449234
666,an743_mesh,250.0,27303.821729024243,144.75445136962657
667,an743_mesh,250.0,27344.8184583471,144.72011972804293
668,an743_mesh,250.0,27385.81518766996,144.68603597728892
669,an743_mesh,250.0,27426.811916992818,144.65219832791394
670,an743_mesh,250.0,27467.808646315676,144.61860500337596
671,an743_mesh,250.0,27508.805375638534,144.58525423994834
672,an743_mesh,250.0,27549.802104961393,144.55214428662785
673,an743_mesh,250.0,27590.79883428425,144.51927340504298
674,an743_mesh,250.0,27631.79556360711,144.4866398693627
675,an743_mesh,250.0,27672.792292929968,144.45424196620672
676,an743_mesh,250.0,27713.789022252826,144.42207799455548
677,an743_mesh,250.0,27754.785751575684,144.390146265661
678,an743_mesh,250.0,27795.782480898542,144.3584451029587
679,an743_mesh,250.0,27836.7792102214,144.32697284198008
680,an743_mesh,250.0,27877.77593954426,144.29572783026447
681,an743_mesh,250.0,27918.772668867117,144.26470842727423
682,an743_mesh,250.0,27959.769398189976,144.23391300430688
683,an743_mesh,250.0,28000.766127512834,144.2033399444117
684,an743_mesh,250.0,28041.762856835692,144.17298764230384
685,an743_mesh,250.0,28082.75958615855,144.1428545042809
686,an743_mesh,250.0,28123.75631548141,144.11293894813934
687,an743_mesh,250.0,28164.753044804267,144.08323940309154
688,an743_mesh,250.0,28205.749774127125,144.05375430968368
689,an743_mesh,250.0,28246.746503449984,144.02448211971418
690,an743_mesh,250.0,28287.743232772842,143.9954212961524
691,an743_mesh,250.0,28328.7399620957,143.9665703130583
692,an743_mesh,250.0,28369.73669141856,143.93792765550256
693,an743_mesh,250.0,28410.733420741417,143.90949181948722
694,an743_mesh,250.0,28451.730150064275,143.8812613118669
695,an743_mesh,250.0,28492.726879387134,143.8532346502704
696,an743_mesh,250.0,28533.723608709992,143.82541036302368
697,an743_mesh,250.0,28574.72033803285,143.79778698907205
698,an743_mesh,250.0,28615.71706735571,143.770363077904
699,an743_mesh,250.0,28656.713796678567,143.74313718947536
700,an743_mesh,250.0,28697.710526001425,143.71610789413353
701,an743_mesh,250.0,28738.707255324283,143.68927377254278
702,an743_mesh,250.0,28779.70398464714,143.66263341560983
703,an743_mesh,250.0,28820.70071397,143.63618542441043
704,an743_mesh,250.0,28861.69744329286,143.60992841011517
705,an743_mesh,250.0,28902.694172615717,143.58386099391765
706,an743_mesh,250.0,28943.690901938575,143.55798180696166
707,an743_mesh,250.0,28984.687631261433,143.53228949026987
708,an743_mesh,250.0,29025.68436058429,143.5067826946721
709,an743_mesh,250.0,29066.68108990715,143.4814600807353
710,an743_mesh,250.0,29107.677819230008,143.4563203186926
711,an743_mesh,250.0,29148.674548552866,143.43136208837453
712,an743_mesh,250.0,29189.671277875725,143.40658407913867
713,an743_mesh,250.0,29230.668007198583,143.3819849898023
714,an743_mesh,250.0,29271.66473652144,143.35756352857302
715,an743_mesh,250.0,29312.6614658443,143.33331841298195
716,an743_mesh,250.0,29353.658195167158,143.30924836981586
717,an743_mesh,250.0,29394.654924490016,143.28535213505083
718,an743_mesh,250.0,29435.651653812874,143.26162845378605
719,an743_mesh,250.0,29476.648383135733,143.23807608017736
720,an743_mesh,250.0,29517.64511245859,143.21469377737304
721,an743_mesh,250.0,29558.64184178145,143.1914803174481
722,an743_mesh,250.0,29599.638571104308,143.16843448134028
723,an743_mesh,250.0,29640.635300427166,143.14555505878602
724,an743_mesh,250.0,29681.632029750024,143.12284084825717
725,an743_mesh,250.0,29722.628759072883,143.10029065689773
726,an743_mesh,250.0,29763.62548839574,143.07790330046186
727,an743_mesh,250.0,29804.6222177186,143.05567760325084
728,an743_mesh,250.0,29845.618947041457,143.03361239805267
729,an743_mesh,250.0,29886.615676364316,143.01170652607962
730,an743_mesh,250.0,29927.612405687174,142.9899588369085
731,an743_mesh,250.0,29968.609135010032,142.96836818841973
732,an743_mesh,250.0,30009.60586433289,142.94693344673755
733,an743_mesh,250.0,30050.60259365575,142.92565348617092
734,an743_mesh,250.0,30091.599322978607,142.9045271891539
735,an743_mesh,250.0,30132.596052301466,142.88355344618768
736,an743_mesh,250.0,30173.592781624324,142.86273115578183
737,an743_mesh,250.0,30214.589510947182,142.84205922439708
738,an743_mesh,250.0,30255.58624027004,142.82153656638732
739,an743_mesh,250.0,30296.5829695929,142.8011621039435
740,an743_mesh,250.0,30337.579698915757,142.78093476703617
741,an743_mesh,250.0,30378.576428238615,142.76085349336034
742,an743_mesh,250.0,30419.573157561474,142.7409172282787
743,an743_mesh,250.0,30460.569886884332,142.72112492476754
744,an743_mesh,250.0,30501.56661620719,142.70147554336043
745,an743_mesh,250.0,30542.56334553005,142.68196805209527
746,an743_mesh,250.0,30583.560074852907,142.66260142645848
747,an743_mesh,250.0,30624.556804175765,142.64337464933286
748,an743_mesh,250.0,30665.553533498623,142.62428671094304
749,an743_mesh,250.0,30706.55026282148,142.6053366088032
750,an743_mesh,250.0,30747.54699214434,142.58652334766407
751,an743_mesh,250.0,30788.5437214672,142.56784593946122
752,an743_mesh,250.0,30829.540450790057,142.54930340326257
753,an743_mesh,250.0,30870.537180112915,142.53089476521754
754,an743_mesh,250.0,30911.533909435773,142.5126190585056
755,an743_mesh,250.0,30952.53063875863,142.49447532328583
756,an743_mesh,250.0,30993.52736808149,142.47646260664604
757,an743_mesh,250.0,31034.524097404348,142.45857996255364
758,an743_mesh,250.0,31075.520826727206,142.4408264518051
759,an743_mesh,250.0,31116.517556050065,142.4232011419773
760,an743_mesh,250.0,31157.514285372923,142.40570310737837
761,an743_mesh,250.0,31198.51101469578,142.38833142899904
762,an743_mesh,250.0,31239.50774401864,142.37108519446474
763,an743_mesh,250.0,31280.504473341498,142.35396349798742
764,an743_mesh,250.0,31321.501202664356,142.3369654403181
765,an743_mesh,250.0,31362.497931987215,142.32009012869983
766,an743_mesh,250.0,31403.494661310073,142.3033366768206
767,an743_mesh,250.0,31444.49139063293,142.28670420476726
768,an743_mesh,250.0,31485.48811995579,142.2701918389786
769,an743_mesh,250.0,31526.484849278648,142.25379871220062
770,an743_mesh,250.0,31567.481578601506,142.23752396343977
771,an743_mesh,250.0,31608.478307924364,142.22136673791886
772,an743_mesh,250.0,31649.475037247223,142.20532618703146
773,an743_mesh,250.0,31690.47176657008,142.18940146829775
774,an743_mesh,250.0,31731.46849589294,142.17359174532012
775,an743_mesh,250.0,31772.465225215798,142.15789618773965
776,an743_mesh,250.0,31813.461954538656,142.14231397119184
777,an743_mesh,250.0,31854.458683861514,142.12684427726427
778,an743_mesh,250.0,31895.455413184372,142.11148629345257
779,an743_mesh,250.0,31936.45214250723,142.09623921311896
780,an743_mesh,250.0,31977.44887183009,142.08110223544872
781,an743_mesh,250.0,32018.445601152947,142.06607456540937
782,an743_mesh,250.0,32059.442330475806,142.05115541370773
783,an743_mesh,250.0,32100.439059798664,142.0363439967498
784,an743_mesh,250.0,32141.435789121522,142.02163953659817
785,an743_mesh,250.0,32182.43251844438,142.00704126093274
786,an743_mesh,250.0,32223.42924776724,141.9925484030087
787,an743_mesh,250.0,32264.425977090097,141.97816020161753
788,an743_mesh,250.0,32305.422706412955,141.96387590104624
789,an743_mesh,250.0,32346.419435735814,141.9496947510383
790,an743_mesh,250.0,32387.416165058672,141.93561600675335
791,an743_mesh,250.0,32428.41289438153,141.92163892872952
792,an743_mesh,250.0,32469.40962370439,141.90776278284304
793,an743_mesh,250.0,32510.406353027247,141.89398684027094
794,an743_mesh,250.0,32551.403082350105,141.88031037745225
795,an743_mesh,250.0,32592.399811672964,141.86673267605005
796,an743_mesh,250.0,32633.396540995822,141.85325302291378
797,an743_mesh,250.0,32674.39327031868,141.8398707100419
798,an743_mesh,250.0,32715.38999964154,141.82658503454468
799,an743_mesh,250.0,32756.386728964397,141.81339529860733
800,an743_mesh,250.0,32797.38345828725,141.8003008094533
801,an743_mesh,250.0,32838.38018761011,141.78730087930794
802,an743_mesh,250.0,32879.37691693297,141.77439482536238
803,an743_mesh,250.0,32920.37364625583,141.76158196973788
804,an743_mesh,250.0,32961.370375578685,141.74886163944996
805,an743_mesh,250.0,33002.36710490155,141.73623316637318
806,an743_mesh,250.0,33043.3638342244,141.72369588720625
807,an743_mesh,250.0,33084.36056354726,141.71124914343682
808,an743_mesh,250.0,33125.35729287012,141.6988922813074
809,an743_mesh,250.0,33166.35402219298,141.68662465178053
810,an743_mesh,250.0,33207.350751515834,141.6744456105052
811,an743_mesh,250.0,33248.347480838696,141.6623545177826
812,an743_mesh,250.0,33289.34421016155,141.65035073853284
813,an743_mesh,250.0,33330.34093948441,141.63843364226148
814,an743_mesh,250.0,33371.33766880727,141.62660260302638
815,an743_mesh,250.0,33412.33439813013,141.61485699940494
816,an743_mesh,250.0,33453.331127452984,141.6031962144616
817,an743_mesh,250.0,33494.327856775846,141.59161963571495
818,an743_mesh,250.0,33535.3245860987,141.58012665510634
819,an743_mesh,250.0,33576.32131542156,141.56871666896723
820,an743_mesh,250.0,33617.31804474442,141.55738907798786
821,an743_mesh,250.0,33658.31477406728,141.546143287186
822,an743_mesh,250.0,33699.311503390134,141.53497870587495
823,an743_mesh,250.0,33740.308232712996,141.52389474763353
824,an743_mesh,250.0,33781.30496203585,141.51289083027444
825,an743_mesh,250.0,33822.30169135871,141.50196637581428
826,an743_mesh,250.0,33863.29842068157,141.4911208104428
827,an743_mesh,250.0,33904.29515000443,141.48035356449304
828,an743_mesh,250.0,33945.291879327284,141.46966407241115
829,an743_mesh,250.0,33986.288608650146,141.45905177272726
830,an743_mesh,250.0,34027.285337973,141.44851610802513
831,an743_mesh,250.0,34068.28206729586,141.4380565249138
832,an743_mesh,250.0,34109.27879661872,141.42767247399775
833,an743_mesh,250.0,34150.27552594158,141.41736340984866
834,an743_mesh,250.0,34191.27225526443,141.4071287909763
835,an743_mesh,250.0,34232.268984587296,141.39696807980056
836,an743_mesh,250.0,34273.26571391015,141.3868807426228
837,an743_mesh,250.0,34314.26244323301,141.37686624959798
838,an743_mesh,250.0,34355.25917255587,141.3669240747071
839,an743_mesh,250.0,34396.25590187873,141.35705369572918
840,an743_mesh,250.0,34437.25263120158,141.3472545942139
841,an743_mesh,250.0,34478.249360524445,141.3375262554548
842,an743_mesh,250.0,34519.2460898473,141.3278681684617
843,an743_mesh,250.0,34560.24281917016,141.31827982593418
844,an743_mesh,250.0,34601.23954849302,141.30876072423493
845,an743_mesh,250.0,34642.23627781588,141.29931036336313
846,an743_mesh,250.0,34683.23300713873,141.28992824692847
847,an743_mesh,250.0,34724.229736461595,141.28061388212478
848,an743_mesh,250.0,34765.22646578445,141.27136677970444
849,an743_mesh,250.0,34806.22319510731,141.26218645395244
850,an743_mesh,250.0,34847.21992443017,141.25307242266118
851,an743_mesh,250.0,34888.21665375303,141.24402420710464
852,an743_mesh,250.0,34929.2133830759,141.235041332014
853,an743_mesh,250.0,34970.21011239876,141.22612332555184
854,an743_mesh,250.0,35011.20684172162,141.21726971928797
855,an743_mesh,250.0,35052.20357104448,141.2084800481747
856,an743_mesh,250.0,35093.200300367345,141.19975385052206
857,an743_mesh,250.0,35134.19702969021,141.19109066797435
858,an743_mesh,250.0,35175.19375901307,141.18249004548508
859,an743_mesh,250.0,35216.19048833593,141.1739515312937
860,an743_mesh,250.0,35257.18721765879,141.16547467690208
861,an743_mesh,250.0,35298.183946981655,141.15705903705015
862,an743_mesh,250.0,35339.18067630452,141.14870416969325
863,an743_mesh,250.0,35380.17740562738,141.1404096359786
864,an743_mesh,250.0,35421.17413495024,141.1321750002224
865,an743_mesh,250.0,35462.1708642731,141.1239998298867
866,an743_mesh,250.0,35503.167593595965,141.11588369555705
867,an743_mesh,250.0,35544.16432291883,141.10782617091954
868,an743_mesh,250.0,35585.16105224169,141.0998268327388
869,an743_mesh,250.0,35626.15778156455,141.0918852608355
870,an743_mesh,250.0,35667.15451088741,141.08400103806457
871,an743_mesh,250.0,35708.151240210274,141.07617375029272
872,an743_mesh,250.0,35749.147969533136,141.06840298637752
873,an743_mesh,250.0,35790.144698856,141.06068833814504
874,an743_mesh,250.0,35831.14142817886,141.05302940036904
875,an743_mesh,250.0,35872.13815750172,141.04542577074906
876,an743_mesh,250.0,35913.134886824584,141.03787704988991
877,an743_mesh,250.0,35954.131616147446,141.03038284128024
878,an743_mesh,250.0,35995.12834547031,141.02294275127213
879,an743_mesh,250.0,36036.12507479317,141.01555638905984
880,an743_mesh,250.0,36077.12180411603,141.0082233666599
881,an743_mesh,250.0,36118.118533438894,141.00094329889026
882,an743_mesh,250.0,36159.115262761756,140.9937158033505
883,an743_mesh,250.0,36200.11199208462,140.9865405004013
884,an743_mesh,250.0,36241.10872140749,140.97941701314485
885,an743_mesh,250.0,36282.10545073035,140.9723449674047
886,an743_mesh,250.0,36323.10218005321,140.96532399170675
887,an743_mesh,250.0,36364.09890937607,140.9583537172589
888,an743_mesh,250.0,36405.095638698935,140.9514337779322
889,an743_mesh,250.0,36446.0923680218,140.94456381024185
890,an743_mesh,250.0,36487.08909734466,140.93774345332722
891,an743_mesh,250.0,36528.08582666752,140.93097234893412
892,an743_mesh,250.0,36569.08255599038,140.92425014139462
893,an743_mesh,250.0,36610.079285313244,140.91757647760986
894,an743_mesh,250.0,36651.076014636106,140.91095100702995
895,an743_mesh,250.0,36692.07274395897,140.90437338163693
896,an743_mesh,250.0,36733.06947328183,140.89784325592564
897,an743_mesh,250.0,36774.06620260469,140.89136028688586
898,an743_mesh,250.0,36815.062931927554,140.88492413398427
899,an743_mesh,250.0,36856.059661250416,140.87853445914664
900,an743_mesh,250.0,36897.05639057328,140.87219092673996
901,an743_mesh,250.0,36938.05311989614,140.86589320355472
902,an743_mesh,250.0,36979.049849219,140.8596409587879
903,an743_mesh,250.0,37020.046578541864,140.85343386402474
904,an743_mesh,250.0,37061.043307864726,140.8472715932225
905,an743_mesh,250.0,37102.04003718759,140.84115382269255
906,an743_mesh,250.0,37143.03676651045,140.83508023108362
907,an743_mesh,250.0,37184.03349583331,140.8290504993651
908,an743_mesh,250.0,37225.03022515617,140.82306431081005
909,an743_mesh,250.0,37266.026954479035,140.81712135097865
910,an743_mesh,250.0,37307.0236838019,140.8112213077019
911,an743_mesh,250.0,37348.02041312476,140.8053638710646
912,an743_mesh,250.0,37389.01714244762,140.7995487333899
913,an743_mesh,250.0,37430.01387177048,140.79377558922238
914,an743_mesh,250.0,37471.010601093345,140.7880441353127
915,an743_mesh,250.0,37512.00733041621,140.78235407060112
916,an743_mesh,250.0,37553.004059739076,140.7767050962018
917,an743_mesh,250.0,37594.00078906194,140.77109691538752
918,an743_mesh,250.0,37634.9975183848,140.76552923357352
919,an743_mesh,250.0,37675.99424770766,140.7600017583024
920,an743_mesh,250.0,37716.990977030524,140.7545141992285
921,an743_mesh,250.0,37757.987706353386,140.74906626810298
922,an743_mesh,250.0,37798.98443567625,140.74365767875844
923,an743_mesh,250.0,37839.98116499911,140.73828814709384
924,an743_mesh,250.0,37880.97789432197,140.7329573910598
925,an743_mesh,250.0,37921.97462364483,140.7276651306437
926,an743_mesh,250.0,37962.971352967696,140.72241108785474
927,an743_mesh,250.0,38003.96808229056,140.71719498670987
928,an743_mesh,250.0,38044.96481161342,140.71201655321863
929,an743_mesh,250.0,38085.96154093628,140.7068755153694
930,an743_mesh,250.0,38126.95827025914,140.70177160311445
931,an743_mesh,250.0,38167.954999582005,140.69670454835665
932,an743_mesh,250.0,38208.95172890487,140.69167408493414
933,an743_mesh,250.0,38249.94845822773,140.6866799486079
934,an743_mesh,250.0,38290.94518755059,140.68172187704621
935,an743_mesh,250.0,38331.94191687345,140.6767996098124
936,an743_mesh,250.0,38372.938646196315,140.6719128883501
937,an743_mesh,250.0,38413.93537551918,140.66706145597004
938,an743_mesh,250.0,38454.93210484204,140.66224505783669
939,an743_mesh,250.0,38495.9288341649,140.65746344095464
940,an743_mesh,250.0,38536.92556348776,140.6527163541555
941,an743_mesh,250.0,38577.922292810625,140.6480035480846
942,an743_mesh,250.0,38618.91902213349,140.64332477518792
943,an743_mesh,250.0,38659.91575145635,140.63867978969898
944,an743_mesh,250.0,38700.91248077921,140.63406834762634
945,an743_mesh,250.0,38741.90921010207,140.62949020674003
946,an743_mesh,250.0,38782.905939424934,140.62494512655977
947,an743_mesh,250.0,38823.902668747796,140.62043286834142
948,an743_mesh,250.0,38864.899398070665,140.6159531950652
949,an743_mesh,250.0,38905.89612739353,140.6115058714227
950,an743_mesh,250.0,38946.89285671639,140.60709066380488
951,an743_mesh,250.0,38987.88958603925,140.60270734028947
952,an743_mesh,250.0,39028.88631536211,140.5983556706292
953,an743_mesh,250.0,39069.883044684975,140.59403542623932
954,an743_mesh,250.0,39110.87977400784,140.58974638018577
955,an743_mesh,250.0,39151.8765033307,140.58548830717325
956,an743_mesh,250.0,39192.87323265356,140.5812609835335
957,an743_mesh,250.0,39233.86996197642,140.57706418721318
958,an743_mesh,250.0,39274.866691299285,140.57289769776276
959,an743_mesh,250.0,39315.86342062215,140.56876129632423
960,an743_mesh,250.0,39356.86014994501,140.56465476562065
961,an743_mesh,250.0,39397.85687926787,140.56057788994335
962,an743_mesh,250.0,39438.85360859073,140.55653045514197
963,an743_mesh,250.0,39479.850337913595,140.5525122486122
964,an743_mesh,250.0,39520.84706723646,140.5485230592852
965,an743_mesh,250.0,39561.84379655932,140.54456267761628
966,an743_mesh,250.0,39602.84052588218,140.54063089557394
967,an743_mesh,250.0,39643.83725520504,140.53672750662884
968,an743_mesh,250.0,39684.833984527904,140.53285230574326
969,an743_mesh,250.0,39725.830713850766,140.52900508935986
970,an743_mesh,250.0,39766.82744317363,140.5251856553915
971,an743_mesh,250.0,39807.82417249649,140.52139380321015
972,an743_mesh,250.0,39848.82090181935,140.5176293336367
973,an743_mesh,250.0,39889.817631142214,140.51389204893053
974,an743_mesh,250.0,39930.814360465076,140.51018175277852
975,an743_mesh,250.0,39971.81108978794,140.50649825028563
976,an743_mesh,250.0,40012.8078191108,140.50284134796402
977,an743_mesh,250.0,40053.80454843366,140.49921085372307
978,an743_mesh,250.0,40094.80127775652,140.49560657685944
979,an743_mesh,250.0,40135.798007079386,140.49202832804676
980,an743_mesh,250.0,40176.794736402255,140.48847591932596
981,an743_mesh,250.0,40217.79146572512,140.4849491640952
982,an743_mesh,250.0,40258.78819504798,140.48144787710024
983,an743_mesh,250.0,40299.78492437084,140.47797187442455
984,an743_mesh,250.0,40340.7816536937,140.47452097347977
985,an743_mesh,250.0,40381.778383016564,140.47109499299603
986,an743_mesh,250.0,40422.77511233943,140.46769375301255
987,an743_mesh,250.0,40463.77184166229,140.4643170748679
988,an743_mesh,250.0,40504.76857098515,140.4609647811912
989,an743_mesh,250.0,40545.76530030801,140.45763669589192
990,an743_mesh,250.0,40586.762029630874,140.45433264415166
991,an743_mesh,250.0,40627.758758953736,140.451052452414
992,an743_mesh,250.0,40668.7554882766,140.44779594837618
993,an743_mesh,250.0,40709.75221759946,140.44456296097954
994,an743_mesh,250.0,40750.74894692232,140.44135332040057
995,an743_mesh,250.0,40791.745676245184,140.43816685804234
996,an743_mesh,250.0,40832.742405568046,140.43500340652528
997,an743_mesh,250.0,40873.73913489091,140.43186279967856
998,an743_mesh,250.0,40914.73586421377,140.42874487253144
999,an743_mesh,250.0,40955.73259353663,140.42564946130426
